Timestamp,State,Direction,EEG1,EEG2,EEG3,EEG4,EEG5,EEG6,EEG7,EEG8
0.0,recording,0,0.44640339330145273,0.6771454756381384,0.8297710282277321,0.8415390919525801,0.3266332935413575,0.8760968485345183,0.9392228714383214,0.5980578646824626
0.0,recording,0,0.08377272079141695,0.33712217111002296,0.6424056190801313,0.28415097049307114,0.17014477413607965,0.7990963280203649,0.17182943666688388,0.26357958959038263
0.0,recording,0,0.14771970652822086,0.39865179804756135,0.381549660851364,0.11821881217756947,0.661535362823618,0.6321631242412611,0.3291729588102944,0.30373960638779063
0.0,recording,0,0.31956014938593,0.4903302277876944,0.5406480678862334,0.202163722489639,0.9110948949712501,0.20295895718186274,0.03749348769416094,0.31348244406682535
0.0,recording,0,0.946284194737554,0.5569798302075005,0.7610793427958409,0.22877415103110332,0.0027876474605478263,0.6103587008581766,0.9350119673366475,0.31231099982916843
0.0,recording,0,0.6359217452627134,0.28621504420050603,0.5682140254443028,0.27497018524932704,0.7290994807636123,0.6446033741258554,0.010390233050611597,0.9655874424766414
0.0,recording,0,0.23492890722402393,0.6770628150570333,0.045217897467267454,0.9128820878565214,0.4395518602180115,0.313990568010889,0.1157808648949491,0.7846942291374429
0.0,recording,0,0.19366601616971102,0.3151480651961195,0.9932864959871215,0.6013020755391626,0.06046853478803804,0.7585437605852506,0.8439172018941236,0.0868691371467829
0.0,recording,0,0.880242977145907,0.9571196619910965,0.10801730666581977,0.03047656028245549,0.6772167364612544,0.7216103965549795,0.08124953399847468,0.45466659130946363
0.0,recording,0,0.10424596057574953,0.012416816351370152,0.9791308694964146,0.7088714264563407,0.7461643520303467,0.32446573702385983,0.26463905691433853,0.9766681688685932
0.0,recording,0,0.6610311931425844,0.20212308792667077,0.873240588388061,0.8590748265445196,0.27503269880864545,0.8189600826483412,0.20883695831660842,0.9500776356817419
0.0,recording,0,0.9469033265418595,0.505297354950214,0.40842991325208167,0.480265888304896,0.4553723521851243,0.46748941721650183,0.6803426054567171,0.7831565679097915
0.0,recording,0,0.6157356685245547,0.16174590400822175,0.5748582210909585,0.7384796238796584,0.8334464865504606,0.7809621262182029,0.5340412756977694,0.6160041336737424
0.0010616779327392578,recording,0,0.7332232097168724,0.6701583855646774,0.16269593603799315,0.985756115358035,0.2886531481843021,0.844971431714937,0.3427162396375033,0.44318833554206905
0.0010616779327392578,recording,0,0.5152342539389767,0.5893982996681035,0.1939477680192483,0.7577620855317133,0.8520228606429627,0.952222756748181,0.6668943232699465,0.24063601364214504
0.0010616779327392578,recording,0,0.31319591188000573,0.26420020766903973,0.14504882643947326,0.041677874824975425,0.3170362227534531,0.33031789409475054,0.7633190037806511,0.7705412592660766
0.0010616779327392578,recording,0,0.595530164990255,0.5498427113269861,0.890682623104196,0.5791504590806994,0.11898973538656232,0.22838032943799313,0.07770886398001631,0.33444623213484903
0.0010616779327392578,recording,0,0.9983092399840846,0.490987446680864,0.5704650916286548,0.5345702233677492,0.7603922372450597,0.08146912566154185,0.025198855209840887,0.668013016952867
0.0010616779327392578,recording,0,0.8646701224127051,0.5487308736250767,0.1921830689570576,0.05362618442418454,0.5908218028515871,0.4864740584079399,0.5568084293136666,0.19760965268875375
0.0010616779327392578,recording,0,0.13077348128448285,0.6660507519922709,0.26084156452311313,0.13337353553404507,0.8931737734775026,0.8181851977709392,0.5776561558565205,0.20882293363135662
0.0010616779327392578,recording,0,0.590721467115717,0.23541571817624074,0.6969712069678422,0.42124281215855164,0.15676547462238677,0.0968725238504975,0.793284558146787,0.5309349737665425
0.0010616779327392578,recording,0,0.029979108392353404,0.8508721965774447,0.43314198472211196,0.13229310390382654,0.3347111581682439,0.3934062577387333,0.07542364666323209,0.9958934171636152
0.0010616779327392578,recording,0,0.8324347988593852,0.006339376542874975,0.806338147232023,0.7843868146685467,0.010079867911116813,0.4906876988273722,0.5284268468019901,0.32421873561575887
0.0010616779327392578,recording,0,0.5338046755952274,0.835739992829861,0.37916931106611806,0.3325795122827553,0.45686595612500625,0.9324056677286632,0.6953115086740691,0.6900543140289955
0.0010616779327392578,recording,0,0.12662816391795984,0.49973995992588105,0.7038317834768867,0.7075604480352841,0.9120159493522664,0.8137569126077754,0.07571529948114464,0.8793144074642195
0.0010616779327392578,recording,0,0.28732938483322856,0.4492951204028739,0.03242837422222289,0.6354789257092788,0.4704022434177192,0.09222039932156012,0.011806320792797309,0.13272065266951827
0.0010616779327392578,recording,0,0.008380950190223668,0.7481643267304049,0.9722724700435806,0.5700205997806478,0.1343011904982826,0.9503517366429932,0.2431273977860361,0.095561836342128
0.0010616779327392578,recording,0,0.6455061939140714,0.48512058325402985,0.16543654550102804,0.5417313444811427,0.14564181001526721,0.24752974741082734,0.842674965838623,0.2577612109439742
0.0010616779327392578,recording,0,0.2841073123411406,0.3927516435001006,0.2904086985368689,0.5590407011309333,0.7212547446578361,0.5904358344900176,0.88826642271732,0.4742444994510432
0.0010616779327392578,recording,0,0.34592701812864,0.03617044106201972,0.9178888138142892,0.027865468394951853,0.8768300978559996,0.0859489784394355,0.1048244768313753,0.40749393452444904
0.0010616779327392578,recording,0,0.48236507663328076,0.37427677571077367,0.8311424455608984,0.45698915249574434,0.6986817682869108,0.5873171240497737,0.9282444023658424,0.6159895953828344
0.0010616779327392578,recording,0,0.42428098410421744,0.9338326563878024,0.2817559348694524,0.9745588115332038,0.403052792771458,0.8226155473063634,0.550562145456343,0.4074710350127292
0.0010616779327392578,recording,0,0.2681575427337226,0.3031481203036611,0.30407141747680655,0.6649684382226446,0.5416536542629558,0.5663117724093908,0.9231478924076234,0.30692480574833103
0.0010616779327392578,recording,0,0.22482107685007424,0.7229994401541501,0.5620705541546627,0.2261711128054703,0.3869928131993986,0.8040020140488414,0.13138723820427411,0.26868600655203534
0.0010616779327392578,recording,0,0.644029388499347,0.23699892244234055,0.2135274675383918,0.4513291457037192,0.8934188986079037,0.8092063169189746,0.2639403349120545,0.6826397977258254
0.0010616779327392578,recording,0,0.5486376596468243,0.019221692883090724,0.9685461773963814,0.009853931866005139,0.12031152658813371,0.1570147428580395,0.7873152470939947,0.7032999570305505
0.0010616779327392578,recording,0,0.13768539423844106,0.3945221753845516,0.513638350478381,0.5932580604946972,0.7884830806194179,0.04743778774544971,0.9709863259258014,0.4024928418698106
0.0010616779327392578,recording,0,0.800166849804219,0.2305786620978828,0.0076299318518792125,0.8774082338443503,0.5217948506088467,0.5486176375889511,0.531423345797378,0.951600340552654
0.0010616779327392578,recording,0,0.37420115627027406,0.6083411672384429,0.8922518940609611,0.19277839960870358,0.8609361949636042,0.9061995475369009,0.16458039677543024,0.7676642311249353
0.0010616779327392578,recording,0,0.6769803789874013,0.9991556240978946,0.8082213075632286,0.379337596880155,0.17218515702488224,0.7269609450545331,0.5130092077056736,0.8242512278485055
0.0010616779327392578,recording,0,0.44547574997830974,0.5622336741759051,0.22845668272344288,0.6647835952973998,0.2797622395638818,0.4483178093170691,0.28310657692340246,0.5087418825829951
0.0010616779327392578,recording,0,0.5814958472794556,0.7862175761964354,0.01509773553384175,0.4263852666635606,0.784537857539464,0.7040848941366826,0.7164945926115713,0.8693920549280348
0.0010616779327392578,recording,0,0.6734650226259433,0.5204840417665354,0.04344941677245395,0.4579822366604853,0.6577929933796192,0.5720590691191083,0.2761396624741853,0.17570606983615566
0.0010616779327392578,recording,0,0.7509724075700184,0.9440040654270233,0.8981954879715609,0.7588024271147377,0.44963879010709873,0.6678452704703222,0.22432406248810088,0.9454456463697644
0.0010616779327392578,recording,0,0.12979049773531237,0.8214258732877887,0.6877416221036717,0.02710964393093751,0.686895570168195,0.09511386131042487,0.7119613471597873,0.8501557476969663
0.0010616779327392578,recording,0,0.37643259191002865,0.5496965115069955,0.9500592562475842,0.9584703297106147,0.27018160731757646,0.5805898679223074,0.985380764807935,0.7493557075898382
0.0010616779327392578,recording,0,0.5599034868419668,0.44335542301764286,0.21771769528976814,0.511880304493282,0.1665753378552297,0.6354433042099549,0.9527399214730616,0.20017141377737013
0.0010616779327392578,recording,0,0.9048388259376922,0.5899502716663421,0.39803419634380177,0.28242218885950476,0.9341741397858724,0.01911416324433879,0.5348540882407063,0.019313310828964814
0.0010616779327392578,recording,0,0.9893363144913994,0.837252914240239,0.03363350629312312,0.9434061815006286,0.7937318425055053,0.9540847870070387,0.6856178710535605,0.2332558102283977
0.0010616779327392578,recording,0,0.23180560720680476,0.5335564920189981,0.24187072180402702,0.8571340752210432,0.035002902050162876,0.4147852432654344,0.14270390676966638,0.06390930784052973
0.0010616779327392578,paused,0,0.5533778758041104,0.4335684452134948,0.7262753901128545,0.3411123526792402,0.16876643843101535,0.15916281109664754,0.3510880615016865,0.07272031692758485
0.0010616779327392578,paused,0,0.5486030290783639,0.11059843849609774,0.03378016860599964,0.0011820951572582006,0.9855223474025849,0.20023935901004208,0.6371070125377777,0.9641075080670655
0.0010616779327392578,paused,0,0.2522078392009047,0.2693873645034329,0.41765922655739707,0.4314461530908352,0.6826662400544781,0.03202939522621184,0.08622473176773227,0.2384089117836009
0.0010616779327392578,paused,0,0.7216388761021003,0.925947552963929,0.5013322309327899,0.847565045703049,0.0403781862212248,0.07468499886061009,0.47142934106801593,0.46815534113545276
0.0010616779327392578,paused,0,0.9609349803758988,0.1330519374136513,0.49606215451502067,0.8207416250061169,0.6595797409074865,0.6382346529590397,0.07948239178913641,0.383747209362561
0.0010616779327392578,paused,0,0.3047793294003961,0.05065568557100508,0.8254426085758928,0.8491086170043016,0.5990072229888942,0.23302349675646217,0.7302044465471335,0.7849578376552205
0.0010616779327392578,paused,0,0.3744687314125196,0.2733102309504174,0.2243993683581974,0.8103556116840307,0.7226288065451201,0.92062084955296,0.6616804982368124,0.08932611754544051
0.0010616779327392578,paused,0,0.42960703057889527,0.13134085520835126,0.06710608495439474,0.9826760055139874,0.21311917203893482,0.9535717404744267,0.1733615893921322,0.4424723423563107
0.0010616779327392578,paused,0,0.3890323637881611,0.859823086751791,0.04900130195749508,0.5137536340513801,0.7192203848264099,0.4722150541790491,0.4248602200000373,0.8260823188164482
0.0010616779327392578,paused,0,0.6582273315220319,0.034796785255447604,0.11366586397944667,0.1494013203952147,0.6280286849813173,0.7837962392634218,0.7371674084513898,0.2658944591442516
0.0010616779327392578,paused,0,0.217737334044809,0.9012181268322353,0.2451565086898,0.20745549230272742,0.026092747378271497,0.31113689141589285,0.30096783469224375,0.15662418805638112
0.0010616779327392578,paused,0,0.48986746923428326,0.9286208136754297,0.8744861115439325,0.5392112840769344,0.2802452194042644,0.7464277370913116,0.8727929335777986,0.9641340008016117
0.0010616779327392578,paused,0,0.4574791858700157,0.9794853189459009,0.5317767579437637,0.6830766028529134,0.4012132854009257,0.10285121343277903,0.8390466585309815,0.8689184944990817
0.0010616779327392578,paused,0,0.9307921275570779,0.9456652283227549,0.6068871371079675,0.5325277832324912,0.10787474244299144,0.5673795861240104,0.9309488823982272,0.3999681655187013
0.0010616779327392578,paused,0,0.6714571763058567,0.10185597210963648,0.19772406637361595,0.37265591718803337,0.658367710091306,0.1549360092069597,0.979514258779372,0.16951443061523053
0.0010616779327392578,paused,0,0.9937954907416867,0.10126604959566876,0.015311295369465738,0.4609951088524308,0.9246782445645394,0.950123149638611,0.014529586332510336,0.6969733168373148
0.0010616779327392578,paused,0,0.8070253495545152,0.9472992142655832,0.9214632734389748,0.5409077914135346,0.5343909067778655,0.7242240324524238,0.9890883262363553,0.9069897376523316
0.0010616779327392578,paused,0,0.9229344063385225,0.964818624872914,0.038218279544909084,0.3244691382637288,0.5785885675006426,0.9964400561705162,0.7101032343747739,0.17825762874646667
0.0010616779327392578,paused,0,0.5215278872265435,0.41786805354703416,0.6405883304063305,0.2382664900223247,0.4598234960403963,0.7576908855649845,0.026460206296426758,0.7941548178457193
0.0010616779327392578,paused,0,0.8616507562420099,0.3055217359230388,0.8644307553826733,0.04059508401014078,0.3197938048034904,0.650949700239095,0.16521148964200416,0.8173237176141258
0.0010616779327392578,paused,0,0.5904872843674991,0.41704303052591496,0.1613303373553222,0.512350795197788,0.16285498966614576,0.7782696592690118,0.8837210590621184,0.607839244697172
0.0010616779327392578,paused,0,0.9258517638893108,0.6350276845218368,0.3409384332463462,0.6651168962971385,0.802765483749409,0.40718700050757617,0.3497272014261543,0.2988053275104471
0.0010616779327392578,paused,0,0.14762116265042813,0.39474467150209347,0.7904132322954879,0.15668697643657614,0.09655692621733869,0.43614334538626354,0.1381690337043996,0.6908375864495997
0.0010616779327392578,paused,0,0.4047027879729146,0.5013524144118259,0.7394799429228586,0.5014441516651099,0.9659037579187986,0.963736518514381,0.7897691949662768,0.3903131460206479
0.0010616779327392578,paused,0,0.2479966186394027,0.7595128169563795,0.29445888963851485,0.2660071631234562,0.8547957534265027,0.23329838182814444,0.34912657968791283,0.673832329703284
0.0010616779327392578,paused,3,0.5439989998954052,0.5080075310948547,0.8875308297784285,0.7920060329789451,0.042244877953749316,0.945190491884448,0.2660734574694521,0.7490898542719088
0.0010616779327392578,paused,3,0.5629508217219892,0.40018395924245886,0.2715286390844951,0.5675456829573061,0.8375181167015658,0.07088513627232662,0.1367736051077566,0.8822900219414654
0.0010616779327392578,paused,3,0.49156803143340233,0.9925658516917402,0.3628753364822602,0.49261658782103124,0.2971974042376503,0.3565984136477782,0.9753506427584275,0.5460717712585922
0.0010616779327392578,paused,3,0.849375715282341,0.7705519437597195,0.7495141304015187,0.03534000635328405,0.5677762797544615,0.4222470400996514,0.06153396926365584,0.8562034108975953
0.0010616779327392578,paused,3,0.6953922245661497,0.6519614386916214,0.452408596894618,0.5721681879271576,0.8519955985121049,0.6616168680453046,0.5054348931487121,0.02166346997303259
0.0010616779327392578,paused,3,0.3851195612197744,0.7289984237722624,0.8838086658378126,0.4867127812196931,0.8661869509689022,0.06324106205210045,0.4070305768845154,0.2074841398293381
0.0010616779327392578,paused,3,0.42796827700575657,0.7040071784366176,0.23424642579730803,0.4138037795677669,0.17515591457580781,0.931275519427747,0.5890010834350203,0.9526355834211334
0.0010616779327392578,paused,3,0.9092847424098779,0.57258453957466,0.6506280851495129,0.1462860768188864,0.10299285908047884,0.4820154965069695,0.25958268407898055,0.12927131254984392
0.0010616779327392578,paused,3,0.3941034178835209,0.5558489182755832,0.48510075423146926,0.3364537535114036,0.23150211604380222,0.08431118312868457,0.26797470605944396,0.04995972687079664
0.0010616779327392578,paused,3,0.6697754150893288,0.8603649500086913,0.6758858558103621,0.754289444330133,0.08290595811963908,0.11208799878888087,0.8854566515695724,0.042111993911074674
0.0010616779327392578,paused,3,0.18977413877144667,0.9856135212920532,0.6897288486244894,0.1915856960136887,0.7471590622242754,0.9711304106148272,0.6476660961304633,0.655206725605817
0.0010616779327392578,paused,3,0.7372081071871706,0.7064532273055142,0.7982199079575943,0.7220337045633073,0.5406805640244987,0.3841155702168445,0.3773484500643284,0.021703489211133742
0.0010616779327392578,paused,3,0.6371385723363373,0.690628234333218,0.8809410432016213,0.3474749726618426,0.5436595037537446,0.8730316216712144,0.0505497465043766,0.027631591771580477
0.0010616779327392578,paused,3,0.9086583346392231,0.31311166275067903,0.12323601970291553,0.07855368669581286,0.3894731327045743,0.6209828337115799,0.5191828551329879,0.7237113271450868
0.0010616779327392578,paused,3,0.32456935768327866,0.12523836503301244,0.7762031963281247,0.22156887962545013,0.042568045714969194,0.19523785714002206,0.29010010173661227,0.3129656800015077
0.0010616779327392578,paused,3,0.9805291987733673,0.5445197514922292,0.04868816667296838,0.17697106569306809,0.7967203071119816,0.4171105775284978,0.8155560030783925,0.3664604917840143
0.0010616779327392578,paused,3,0.20847996284600379,0.14355285165699894,0.8706530009832906,0.7466269027145787,0.8298353722206498,0.37955507656987975,0.43469547470044445,0.8124967168237701
0.0010616779327392578,paused,3,0.03576409839768002,0.6172117401370647,0.34896833486024004,0.20447020611817313,0.7034781011051916,0.4683675752550478,0.21747103944185198,0.8875650681113049
0.0010616779327392578,paused,3,0.6557903361651338,0.7651903968679764,0.3599936895321174,0.39627113902151445,0.18030904398708114,0.38091701021298385,0.4348374000699605,0.08262114402551934
0.0010616779327392578,paused,3,0.641359255047112,0.9110510414224327,0.08498328626083385,0.12854174312550248,0.8740487701023492,0.1711212895312798,0.42031946458002833,0.8789490740852172
0.0010616779327392578,paused,3,0.37898029586856696,0.9391086793345439,0.4778021104475265,0.29743321038824955,0.9269723446720833,0.21615566206210335,0.963493175567943,0.03331852458867657
0.0010616779327392578,paused,3,0.04816784838699917,0.6550516492419902,0.40888641774440904,0.253612310518354,0.3959545849127887,0.2024400627067956,0.6400654667272992,0.24702787457710762
0.0010616779327392578,paused,3,0.27847898394229176,0.3656958339379667,0.5361150411571546,0.7092315315935214,0.6489555740982719,0.5478912831803843,0.08957102422813512,0.9859060358190733
0.0010616779327392578,paused,3,0.9179865913231002,0.3419146341206569,0.9158608824716113,0.17627593792870178,0.5858779206911867,0.5207860433183014,0.06448397180447574,0.6623851823076402
0.0010616779327392578,paused,3,0.8392613183234768,0.2943106910058385,0.38261577913490397,0.015081338927620092,0.6077265908215969,0.9552993591445724,0.9415036564475759,0.6923074912123446
0.0010616779327392578,stopped,3,0.9565715041565526,0.4143059060660107,0.40048422278901086,0.31151566140070663,0.5843835521186477,0.2687763505611529,0.09852617519489826,0.8054287079576994
0.0010616779327392578,stopped,3,0.061097042473372,0.21738882456762343,0.24323948495861059,0.13484258374699498,0.875583445098811,0.5816480779107442,0.636793670656919,0.2414550213739306
0.0010616779327392578,stopped,3,0.1634275848650638,0.8334978153235694,0.06481025715943622,0.9126317147673977,0.052036614652651414,0.5873771830234297,0.577729974522957,0.9650024553205211
0.0010616779327392578,stopped,3,0.6074604362897693,0.7079237460056278,0.36523085754617557,0.13304025599215863,0.48428791332182786,0.665193530481915,0.8602876665440239,0.9620037118913195
0.0010616779327392578,stopped,3,0.05855569085733625,0.5079409874440102,0.5164488218149349,0.17908246405450023,0.10399516091116834,0.462791563085155,0.06991025566880282,0.03975322523963465
0.0010616779327392578,stopped,3,0.11182372648261496,0.6331288010779383,0.03144259053799847,0.3473757588375591,0.9870277449634889,0.2921116994630212,0.6393744876262067,0.18483177023241315
0.0010616779327392578,stopped,3,0.9629165772390337,0.3863024103818278,0.8746725127797056,0.4543505276537847,0.5816967434596949,0.351854303150242,0.6313847455460881,0.6487036905024048
0.0010616779327392578,stopped,3,0.6570450019890961,0.8582798621107257,0.9183296476492764,0.4219434218694429,0.1338636602801645,0.49523142811107723,0.17996289445081282,0.8212542199172056
0.0010616779327392578,stopped,3,0.46633740001272295,0.5859872429850105,0.7916354311275458,0.6279584741880446,0.590429835312933,0.4352938069324891,0.27979240114557347,0.9514734804866238
0.0010616779327392578,stopped,3,0.26175642871670135,0.2312072678894378,0.8432831557362741,0.5670153750088601,0.3447385145825942,0.8999154984514326,0.2657397299759231,0.5299545507817637
0.0010616779327392578,stopped,3,0.06217434173605241,0.90355253623632,0.5278848019018513,0.7812432697493531,0.5798686452668526,0.8541187527532988,0.1903838277853882,0.7170932762547293
0.0010616779327392578,stopped,3,0.9591939585335827,0.8696564277799446,0.29626291693941453,0.27481110333233516,0.3847459360326049,0.546235952884901,0.20820208385244499,0.7800233372812764
0.0010616779327392578,stopped,3,0.5555946503262261,0.31564414557876974,0.12709703931499106,0.9631684521388417,0.8507795428354081,0.20204202492752843,0.7672427314857136,0.7902107607258275
0.0010616779327392578,stopped,3,0.6271903752928457,0.19909361732903175,0.7688307463009205,0.6556474956078251,0.45839402974326116,0.16554484347570686,0.4751208428611018,0.6074143154578064
0.0010616779327392578,stopped,3,0.9259881378017777,0.915855559087445,0.3506759207071507,0.9020918362416477,0.8037370388920202,0.37411094685095103,0.13709921481656673,0.7805401782073121
0.0010616779327392578,stopped,3,0.37700570626791385,0.5390940629873978,0.08142358392166904,0.5376900065791318,0.8774691159219913,0.1334718699039007,0.6237411243415507,0.9588349339753052
0.0010616779327392578,stopped,3,0.09197124910719123,0.9146048326819292,0.36604992482586507,0.6859210041909852,0.6503801763115263,0.7270506044500079,0.5301292445089992,0.5055475167852366
0.0010616779327392578,stopped,3,0.32596781514547946,0.8204124969644391,0.3320902092827279,0.2175245230435512,0.2143174682836615,0.5839268504830123,0.16092297854831084,0.13828459677417781
0.0010616779327392578,stopped,3,0.6085295795435803,0.9266847287585597,0.41594364804028205,0.48981947141933047,0.25652887483752107,0.4827417622476854,0.09162316656611336,0.27303456723518393
0.0010616779327392578,stopped,3,0.4839133770725177,0.0007321354935541091,0.5068183049022376,0.9491770942907455,0.8161146004634015,0.9414943160015742,0.3840987796905456,0.47504321615803946
0.0010616779327392578,stopped,3,0.7395845112450413,0.32399929500619384,0.17252702378053808,0.23424284413074303,0.4362059813544019,0.9304514036787352,0.8636100936953326,0.21375126000496036
0.0010616779327392578,stopped,3,0.2558432789890066,0.969884574372235,0.987904742958064,0.29608067304637886,0.5595816842351141,0.5457218821662951,0.7753921453948451,0.7424610035990623
0.0010616779327392578,stopped,3,0.4364986872588513,0.6907099592135987,0.7396987679459696,0.4759709670055108,0.722094736989996,0.23539975093964627,0.7475375852463357,0.29486703371462175
0.0010616779327392578,stopped,3,0.07844037441011742,0.037168353871343096,0.8678477311991666,0.1315071059182361,0.15585176449410787,0.33187867449407105,0.777012012487515,0.16552868049987912
0.0010616779327392578,stopped,3,0.21339969082146892,0.6522471334491439,0.7083674051697242,0.5809879951402529,0.9335283086416355,0.4969317769846143,0.4108143883353078,0.3543808033700575
0.0010616779327392578,stopped,3,0.7955980199515078,0.728869483896489,0.7914388047662653,0.4186543853336433,0.8962080341775674,0.8715479616455831,0.797055485107251,0.16908277842811814
0.0010616779327392578,stopped,3,0.02968413497859279,0.6890683625867952,0.10189343973924503,0.49925627768257286,0.22958132823521404,0.5510082320636727,0.2416742407131719,0.0045929089032578085
0.0010616779327392578,stopped,3,0.2412923863368972,0.23651626612835996,0.9759611722293322,0.059719367213063146,0.39340519781082217,0.1634998069506136,0.21617988104196695,0.8891703014417154
0.0010616779327392578,stopped,3,0.2782413984350338,0.8393011971648486,0.814808956388993,0.637197015711121,0.33414134331274614,0.6008792978995697,0.7685961506359752,0.2934655523159656
0.0010616779327392578,stopped,3,0.35439327257258224,0.9551979357847904,0.34857792616571626,0.24209371627138132,0.6332901965902505,0.02003401816917605,0.6764644312045933,0.7357834778152865
0.0010616779327392578,stopped,3,0.3552848139379481,0.20060224823394313,0.12518639325033776,0.7092903357142442,0.9400297876668974,0.4516307398985596,0.41648619842789436,0.7575860518363193
0.0010616779327392578,stopped,3,0.6747457412932188,0.2831336658530358,0.8859813318725577,0.9001820876529764,0.31276184111483507,0.878358761118174,0.45256303095474937,0.27141930732940867
0.0010616779327392578,stopped,3,0.5627008757563132,0.4471407202733091,0.8350521220571175,0.11436916895046767,0.3487214946559066,0.01607410789876662,0.8594993033145792,0.4701068348521392
0.0010616779327392578,stopped,3,0.14543075118127002,0.4399783800231911,0.9795913319068259,0.7802033618671627,0.41107295047948156,0.37435007875446746,0.44123694040744577,0.6090089457482243
0.0010616779327392578,stopped,3,0.03322887894701099,0.8352751317222148,0.1234343217159678,0.8581183402455135,0.09817260624812763,0.10820428343191846,0.419530129674759,0.9671473358996888
0.0010616779327392578,stopped,3,0.7842599482399794,0.8952603408738617,0.31321946032291914,0.1541453986048006,0.628310849634262,0.0800643663523235,0.7973324424254677,0.5377146446638419
0.0010616779327392578,stopped,3,0.8442740996440655,0.633902529333831,0.5493461931446055,0.8430588893069425,0.21425467393032982,0.5414304188329458,0.6549781149096003,0.1517089100378216
0.0010616779327392578,stopped,3,0.1252707719431415,0.7525368237926315,0.5173040015000471,0.7339602834138094,0.2463498200423222,0.9272868864070036,0.20524793620703485,0.16745591246705516
0.0010616779327392578,stopped,3,0.11768607496367156,0.9728889527666994,0.333836053287484,0.8571742883378164,0.2284573160874993,0.7691683245130141,0.3853510885308653,0.7578802773894698
0.0010616779327392578,stopped,3,0.2506354942265846,0.24866780044463654,0.9225654979107488,0.48856386954919107,0.5561471365896565,0.4369009976612339,0.21968900099482425,0.884487845123712
0.0010616779327392578,stopped,3,0.7852091170214289,0.5031309980959049,0.9462054097748714,0.8047114572812785,0.2556050176300626,0.45757099435108195,0.6120591959860197,0.6203717577017268
0.0010616779327392578,stopped,3,0.739512715546708,0.15053967313638128,0.06864970860182751,0.920272519100942,0.031218346076799408,0.7809089758158031,0.4596206085511205,0.10726499710139803
0.0010616779327392578,stopped,3,0.8962677994132386,0.8760517360864919,0.8134965350343859,0.049199633981131474,0.32597440074970596,0.6969122624110474,0.9618972255598589,0.5020750570227627
0.0010616779327392578,stopped,3,0.5847270244679499,0.38266647787699437,0.9783074515693093,0.99725688401869,0.047224965711001654,0.42098841377028673,0.1978428292507386,0.18395174126176184
0.0010616779327392578,stopped,3,0.9997368412871592,0.04049461349543404,0.65732254790938,0.39070646715934587,0.053639265679214176,0.47955094696800615,0.3811714122045946,0.48678116153463336
0.0010616779327392578,stopped,3,0.517015959119674,0.6987188054752553,0.327825810518216,0.9313208149847578,0.780619767099701,0.6084159774653594,0.20881629045701122,0.012663436570923281
0.0010616779327392578,stopped,3,0.29579580468980105,0.18672250867460494,0.21938444508178123,0.43238927287509765,0.9965194163141105,0.5984520759930887,0.19961163643971558,0.47244948689817234
0.0010616779327392578,stopped,3,0.4851997237275487,0.27130569679439864,0.9891806392945149,0.7988670019277343,0.05436725183626734,0.5099417149142377,0.0932039570284775,0.12905293653832806
0.0010616779327392578,stopped,3,0.3357035650796011,0.3400678733522442,0.41188249976935165,0.8721780803212975,0.21384324522497067,0.74358247032496,0.7356590933251241,0.6291151997389058
0.0010616779327392578,stopped,3,0.20828230439713957,0.4599890054125966,0.9802292363331409,0.9451998451605699,0.37255670093305593,0.024667657587383762,0.04104647222027302,0.4993307375619195
0.0010616779327392578,stopped,3,0.7512900085161655,0.3745084346192844,0.5537188482289058,0.3108719308062142,0.5932891385515957,0.9544165119529926,0.06069587808037402,0.35668822618059126
0.0010616779327392578,stopped,3,0.8821822374724557,0.935119013142747,0.23616177161787755,0.10732168293819488,0.7201338527049312,0.8702098093402908,0.5185187719997862,0.6507669173777344
0.0010616779327392578,stopped,3,0.08870003710100416,0.49536654477896336,0.5567349640341511,0.8136193878231017,0.7406524087295956,0.9301843339234979,0.03599979102087392,0.9369626429556169
0.0010616779327392578,stopped,3,0.11551313534792906,0.7435812644340488,0.19640801498816118,0.8682242729580076,0.4475418195064632,0.5617825743394607,0.9778801645021385,0.20511929935162387
0.0010616779327392578,stopped,3,0.5972642187083764,0.23246392520054326,0.9805653286751648,0.8005289752947449,0.2735381782880725,0.8122198165056296,0.2841669866677292,0.8800493608112672
0.0010616779327392578,stopped,3,0.47697768859295997,0.000580052334112513,0.408695449077051,0.04705514624824925,0.009176035689929196,0.8811284354252376,0.3599522826581101,0.0629392633943634
0.0010616779327392578,stopped,3,0.41528645635154793,0.8475868287156082,0.574945536973152,0.4082983983078111,0.22539291080613766,0.18216851315985572,0.8634987008372552,0.07161018792484597
0.0010616779327392578,stopped,3,0.23446651646752903,0.6138674245997798,0.5907899675552032,0.9905275237418466,0.9185785959173978,0.5584071921257866,0.25554561843205637,0.3689341107688541
0.0010616779327392578,stopped,3,0.376820323418565,0.012317583470265125,0.43222420328186373,0.663014768395561,0.799395268718503,0.8540426758548391,0.10242598127649705,0.3158478423993356
0.0010616779327392578,stopped,3,0.3850057734358149,0.0586878426667663,0.1782038150335813,0.8561698036246526,0.04651175704335275,0.44847034416014453,0.7037728370407752,0.8292113815923333
0.0010616779327392578,stopped,3,0.08278305015731591,0.6067272476886774,0.8839468699706321,0.5651147995706055,0.7138770326168515,0.29570020237747086,0.41926485647135125,0.9689944723153527
0.0010616779327392578,stopped,3,0.3506948010274794,0.1358600969155095,0.19253262778290026,0.584995239036878,0.10819939986567195,0.7423402126146011,0.38753923251225797,0.9531051120469107
0.0010616779327392578,stopped,3,0.9610058800034502,0.9614696710846593,0.4811247081703308,0.9534123083559125,0.9098460077773902,0.8614429395364805,0.09544946337048543,0.4954116740587954
0.0010616779327392578,stopped,3,0.032292110384827044,0.46098829423755794,0.59461264881881,0.4162954608621888,0.980145382363367,0.3407805589728242,0.009467425946978025,0.3911314115926794
0.0010616779327392578,stopped,3,0.9076484001641912,0.6171332620695082,0.5491284519911288,0.09325759611014939,0.24968863121601592,0.6630449709214727,0.3367249229651097,0.20411388236121397
0.0010616779327392578,stopped,3,0.04173307799594994,0.8128194041437888,0.7645967293280939,0.34883448866157507,0.3965871717163446,0.11065678732313278,0.11822139536817866,0.7848487736205702
0.0010616779327392578,stopped,3,0.14437511744053533,0.9590609471632711,0.13695034996929778,0.22747132792266345,0.8594240316034123,0.4417656873947522,0.9629250185814829,0.9386556317112339
0.0010616779327392578,stopped,3,0.8411384012248523,0.41785136855261507,0.6139657546834149,0.9484466738516719,0.5826610907327847,0.22716048495631158,0.5515947385279598,0.6563994806066875
0.0010616779327392578,stopped,3,0.7017233413056188,0.2869282737489188,0.8447606273256673,0.5789909909502902,0.10323286156936029,0.0701899425433723,0.23295825944071713,0.8392118641944287
0.0010616779327392578,stopped,3,0.24420448878483336,0.5223608520840808,0.5602651324051042,0.9726468207706297,0.9466828135841714,0.513853751624083,0.2804864532591793,0.4371422767775437
0.0010616779327392578,stopped,3,0.12600200741967094,0.3046802830916512,0.7296188027451734,0.6252375157745178,0.20534893434114387,0.22378519577028222,0.21813006856075945,0.8164908575222312
0.0010616779327392578,stopped,3,0.5573876849581285,0.6381165031912199,0.025699624533404575,0.7101097755076268,0.4184355577075376,0.4564066861030587,0.5313530581571644,0.4816307240430453
0.0010616779327392578,stopped,3,0.1403242297379449,0.6722259458615564,0.5902865528645641,0.21132424946011263,0.5710648040305001,0.4464333863262506,0.5770888404817474,0.48208558322444406
0.0010616779327392578,stopped,3,0.47681120323307913,0.1781526785702482,0.37990970102518873,0.07682945678067765,0.9030242763959314,0.2876342379402711,0.3411683578722867,0.19189351836050672
0.0010616779327392578,stopped,3,0.03555436861296801,0.44835664429499644,0.17788867684214382,0.41759993383105376,0.2761017825269183,0.03990594898082367,0.9958378602968758,0.7473861184820199
0.0010616779327392578,stopped,3,0.18042452975317924,0.871589259339217,0.3527320942301748,0.8566593344506965,0.3342928560143891,0.6367207326755542,0.1333874963995888,0.7937235094358221
0.0010616779327392578,stopped,3,0.2874415715289663,0.2265439959041804,0.6662353928189318,0.3589233119405656,0.33121820120491374,0.2341403998821464,0.4679520888781147,0.8148067406737318
0.0010616779327392578,stopped,3,0.8719068027229299,0.3642893267853634,0.37041486583522487,0.7591800728292841,0.5820158803170877,0.02668743211107749,0.7451149716015616,0.5906548953350917
0.0010616779327392578,stopped,3,0.3994661356741015,0.75255914923426,0.6318564918016034,0.21663214264461284,0.123907496909887,0.5062961252398457,0.7808359466124285,0.9014377373315303
0.0010616779327392578,stopped,3,0.06612260673071413,0.3169546204092676,0.14225978917934778,0.9301588700884841,0.26510501690148425,0.3742445946976961,0.7228412902720969,0.06381233918020979
0.0010616779327392578,stopped,3,0.523301672831586,0.544485364286015,0.136808355047201,0.1607361272766219,0.45462524250515646,0.09118825736169067,0.986512793130085,0.9930705737882474
0.0010616779327392578,stopped,3,0.5895549087806123,0.6368461665740829,0.18317429343288538,0.023900539514731034,0.28528959133999765,0.23925758879614523,0.13530168607775128,0.9107600460540584
0.0010616779327392578,stopped,3,0.14423113389783693,0.8361573887655698,0.12980854610676618,0.07859749197580623,0.10535635977927704,0.6516752282002691,0.600641493520122,0.21778198270137172
0.0010616779327392578,stopped,3,0.5659763280863662,0.9548100338486427,0.4832948642177093,0.9621616302343905,0.26132173583709106,0.6432300268310759,0.601546805580979,0.035635500976014756
0.0010616779327392578,stopped,3,0.5578706765720717,0.776838190369001,0.7297426862915716,0.127035565637865,0.2619033051106222,0.7915990542754338,0.5275732547039919,0.804423427942634
0.0010616779327392578,stopped,3,0.7041006342763002,0.8317627546514131,0.6290740548994685,0.024517519183824166,0.5807760599341583,0.5991072605451181,0.22006522591952438,0.1495052762169572
0.0010616779327392578,stopped,3,0.3719394001209787,0.5719788780659151,0.40675902452291146,0.3290147367791282,0.28673095716720043,0.18825511725320743,0.25618155646324114,0.7922055820204821
0.0010616779327392578,stopped,3,0.6064034786290823,0.6955138886641704,0.6646522685043232,0.25542215363842724,0.9969356596567915,0.8189622387489333,0.44410344682454295,0.11575493631553813
0.0010616779327392578,stopped,3,0.868272459072662,0.3991258077266264,0.7783904197393103,0.03821304957520155,0.20272741575663922,0.14840852546787975,0.10361747886242934,0.5213144338715117
0.0010616779327392578,stopped,3,0.7405907961296807,0.8011504408580842,0.5839929289699263,0.8171004848387379,0.6068306299678705,0.3913717457945629,0.9029979094846667,0.15707980133576382
0.0010616779327392578,stopped,3,0.5877198302169228,0.6456547322582663,0.1693582554345534,0.41000725123871906,0.5706591298171124,0.7630618707899345,0.3298600800683549,0.8539239690001066
0.0010616779327392578,stopped,3,0.9934767945343572,0.2989260853040522,0.9918484650389274,0.036869709083497515,0.12369978900164735,0.9612649527967468,0.9299906506081516,0.7106805959494206
0.0010616779327392578,stopped,3,0.07769035661946411,0.7575209039221311,0.8807030477707986,0.6233916297496934,0.7277918568850424,0.8058413309879221,0.2099300635544039,0.923753800719833
0.0010616779327392578,stopped,3,0.016234911258426576,0.19804426556340848,0.6776225911007396,0.49588989719567944,0.5669051599103455,0.2890723760640992,0.4609551329275613,0.7937585501225584
0.0010616779327392578,stopped,3,0.1765017390321567,0.8889769978213331,0.9179027866350711,0.03839666016113441,0.3062143947055269,0.4571314135045541,0.23090361787309832,0.8579979898615889
0.0010616779327392578,stopped,3,0.7442529389608034,0.1954169745290938,0.5091838253211487,0.7972930344784163,0.34911755238208764,0.5734752393273166,0.7585768085948537,0.9095592654229245
0.0010616779327392578,stopped,3,0.5693900925533352,0.08095509368216092,0.7067789005986177,0.9707010774086157,0.29172640353188084,0.5105639100012379,0.5009635863325507,0.9405504924905786
0.0010616779327392578,stopped,3,0.543134870160755,0.09425038264297014,0.9683699567056461,0.29071849476858314,0.9324189520443124,0.6914221848446013,0.7586364696259963,0.07232268760622473
0.0010616779327392578,stopped,3,0.9585312332070451,0.654147111602694,0.6411207239128344,0.9185720887395539,0.048473700686428756,0.49857066240492276,0.1583619014220219,0.3876811242381867
0.0010616779327392578,stopped,3,0.36080042549266056,0.9405129882144018,0.07338861654572837,0.3591372406058936,0.7782368864339395,0.7214156841611999,0.5129877469921106,0.538638975176971
0.0010616779327392578,stopped,3,0.3612491041782254,0.7017808511051018,0.11229904765174314,0.40281096688066864,0.4956527014087656,0.154039270214819,0.24478959265286016,0.12729360895651964
0.0010616779327392578,stopped,3,0.2155269205500132,0.16477577589800463,0.9227614703460125,0.31931173563597015,0.7851309976547399,0.08418278798561396,0.024754855512764018,0.43794617427583515
0.0010616779327392578,stopped,3,0.22636880145127591,0.5309998263261796,0.6725676540265747,0.6080898622114749,0.4991034875620206,0.1653185409154997,0.2592725138740405,0.056001417805101705
0.0010616779327392578,stopped,3,0.04706645479058402,0.8721935112711467,0.6956178454163744,0.028754326736932012,0.36300189223609547,0.4102489697244248,0.20906297891871173,0.5577903228462148
0.0010616779327392578,stopped,3,0.10222136595129505,0.23076666081677244,0.4548963618456583,0.37354609496334046,0.22900352214307096,0.3451933885402638,0.8979052381427627,0.7030044071024022
0.0010616779327392578,stopped,3,0.044993722255401325,0.8383591936387207,0.8693369530727538,0.2605424884759465,0.08160047189809583,0.15064121472858638,0.6761218165493954,0.9378089971000864
0.0010616779327392578,stopped,3,0.9767397231281479,0.7726764238274766,0.03646901042081008,0.9730313328201635,0.6431646585876922,0.06086906647606116,0.5547134747490564,0.9760012202784948
0.0010616779327392578,stopped,3,0.5317189699124514,0.8471651446715728,0.37266574158102905,0.299368582475384,0.12136558844270484,0.9676884058574677,0.8783064530174017,0.0334291811858598
0.0010616779327392578,stopped,3,0.30497530047014,0.01820778796033995,0.6934917914652612,0.6645413528856837,0.17215430612351412,0.8712584774512203,0.05865233870821884,0.036652879103323044
0.0020294189453125,stopped,3,0.40423734187817006,0.998365914063736,0.5052034579381223,0.799695161257197,0.07752136493905237,0.0955864911842983,0.34386672387895734,0.28859708212492086
0.0020294189453125,stopped,3,0.7161891904812692,0.19989919128320055,0.4087671006604643,0.30320307112839395,0.4620407056352591,0.6984993626047848,0.5511889444191742,0.9976912107102365
0.0020294189453125,stopped,3,0.9444726917025016,0.13881087247286128,0.4066137686382,0.6807982660610683,0.9968871846853565,0.8837085797442588,0.9117119675664342,0.47881437786882597
0.0020294189453125,stopped,3,0.8528259449954967,0.45316857410874023,0.8818456250398454,0.8015996605164433,0.4687114066474769,0.22281288180538994,0.2576384986272314,0.12430226945501266
0.0020294189453125,stopped,3,0.5777448595064458,0.37940473288383536,0.10836554019278821,0.26721127976762005,0.2680671200860021,0.8621489144388356,0.28738340349826497,0.9419465616434576
0.0020294189453125,stopped,3,0.6744203951483401,0.8394644656417933,0.31993529911712393,0.5978853330301789,0.005456689698695838,0.8252337420304886,0.8164959146500432,0.9813487523451917
0.0020294189453125,stopped,3,0.03011534746251543,0.4171610027993339,0.37754682872994416,0.24774552460867527,0.8706185336060438,0.4445580506398288,0.8463439097523094,0.3879007311929549
0.0020294189453125,stopped,3,0.6917849012249304,0.11331953884804491,0.8827296599510313,0.4396393504554612,0.7082440144362003,0.0973115009599761,0.13269518705278782,0.8056393021541912
0.0020294189453125,stopped,3,0.34989536369275187,0.9877668452537778,0.1270530100539451,0.04223641944739431,0.10213290595522773,0.806876108830143,0.5192959812795046,0.8586433652211678
0.0020294189453125,stopped,3,0.6603930874671647,0.32551296544516195,0.8099013315241187,0.2363300545556718,0.8595538124410363,0.15673276517281431,0.5447074671366019,0.2498319072084969
0.0020294189453125,stopped,3,0.7434111366024523,0.6709337494428397,0.6376256078421321,0.10919431986360517,0.3964273966265689,0.31419942533609324,0.524647718164294,0.5350161936319473
0.0020294189453125,stopped,3,0.6003654270186004,0.8618026461505625,0.3508930191616906,0.7173672266341365,0.7267087517673401,0.9439948248004242,0.2580529917967289,0.9144807486170476
0.0020294189453125,stopped,3,0.21736780320473637,0.2637393315185407,0.5300657372830893,0.8179544755848129,0.805561661724458,0.7956056219935482,0.8294197110597239,0.41073064857516306
0.0020294189453125,stopped,3,0.536803498186981,0.20552720372411237,0.3116518690511325,0.8087474952452379,0.9950007742264594,0.9316937474789039,0.7837909851886526,0.41650469590250894
0.0020294189453125,stopped,3,0.08034291799661819,0.8705292511907488,0.0812744454982407,0.7189444932415794,0.7331689041409427,0.859342591273788,0.4721359309941249,0.6713825110774422
0.0020294189453125,stopped,3,0.23293513495635187,0.890265866579727,0.029099289601734357,0.8173661274213099,0.1784198782272024,0.993828311192242,0.6755000811959355,0.29098574971602686
0.0020294189453125,stopped,3,0.7979292037029344,0.7990968269734026,0.46633506240575173,0.9382994286558224,0.18187150402533736,0.598085129515214,0.7318132960509338,0.3103605071303751
0.0020294189453125,stopped,3,0.341393278090792,0.7937956736348768,0.5462803675910985,0.28537302442775647,0.015141287303691908,0.32762239130586357,0.16880966662316266,0.8916715257892417
0.0020294189453125,stopped,3,0.1992903526424069,0.762818785916257,0.338381029785902,0.09083657081572372,0.01867114071976439,0.046662434661213004,0.9976934725743597,0.8754075068110921
0.0020294189453125,stopped,3,0.6685874723420367,0.6822626725764072,0.5871946610408004,0.5747389394250657,0.6158069902285361,0.25750848136632465,0.9589518020511577,0.9359713789977906
0.0020294189453125,stopped,3,0.23007437055890045,0.6480699304226947,0.9378966224431945,0.09354320786733683,0.4839161996237574,0.541967582403101,0.09042379410630097,0.6068434010824981
0.0020294189453125,stopped,3,0.4577642042540432,0.36984725903973736,0.09076929606565742,0.39823591520489743,0.6326406793019163,0.21282371756719032,0.8714628795329541,0.17834024401064952
0.0020294189453125,stopped,3,0.49133054821898003,0.030003886628149012,0.5273912847264154,0.6752463087958055,0.8220352342755719,0.11508552332848532,0.32324660335120736,0.29124729097884816
0.0020294189453125,stopped,3,0.2343662397905487,0.8992855163140435,0.7186399902497699,0.7165931184333487,0.5919322580198234,0.8594462506466537,0.3524361431764921,0.461282745035241
0.0020294189453125,stopped,3,0.3535048969536928,0.3413922926689089,0.5607211122103124,0.15685895267865946,0.5384143667621409,0.7197941652313823,0.07647853505512414,0.23214829328862197
0.0020294189453125,stopped,3,0.6182524938792012,0.7431370530696132,0.10195030755206624,0.9934625798332728,0.5716580387312936,0.33399272430296734,0.5245864245210803,0.01652019438720631
0.0020294189453125,stopped,3,0.02411420094894612,0.7795852349156092,0.25327317230235635,0.9623957804801507,0.927089530761066,0.13621151442659207,0.09625467594822557,0.6892426183842687
0.0020294189453125,stopped,3,0.8259345410146574,0.7488779624493884,0.21800322613362233,0.32144993910122033,0.3704831191586382,0.7431033823096234,0.2060929718094323,0.5731448744837159
0.0020294189453125,stopped,3,0.1564200391986631,0.5439343308156385,0.019846618497365354,0.8044242524467826,0.5229468654103469,0.4553213339997185,0.49602755013484634,0.9199915614890437
0.0020294189453125,stopped,3,0.9019341327089628,0.6130416795694463,0.7019664588773536,0.8961914452652227,0.10335699772125184,0.06957355050352354,0.29703731698287894,0.8513327085293633
0.0020294189453125,stopped,3,0.39320081493735604,0.08633328429231857,0.7237502119890836,0.28952668125381154,0.8308627757205209,0.12919076699112608,0.7943382119875833,0.5683233084528634
0.0020294189453125,stopped,3,0.1954799789907935,0.35197278956493316,0.10462533168291777,0.8530333463924253,0.17327396791132077,0.4299355746200352,0.3482137682423171,0.896394176714278
0.0020294189453125,stopped,3,0.7749959759926499,0.7615207158798363,0.9467080546871987,0.6467384672281139,0.10389958741041683,0.3083998502128703,0.5730837485349239,0.7087795315115781
0.0020294189453125,stopped,3,0.19400243425193275,0.5842091334045929,0.9158378380453945,0.7815662764284697,0.8605415904120568,0.010855225870683438,0.5826942032091484,0.0715257831892635
0.0020294189453125,stopped,3,0.9059059464057243,0.33356089219030327,0.3621373998566403,0.47553653587699707,0.7542910439437085,0.25098463351070743,0.5586702007084857,0.1432502982829419
0.0020294189453125,stopped,3,0.13029950177162775,0.8789121140177206,0.06376061195119842,0.6237717638588346,0.8228467766256892,0.10238257044201315,0.3142679514917719,0.18251654388879135
0.0020294189453125,stopped,3,0.8465093361096003,0.22141617211765163,0.4332064511319267,0.11855140077015103,0.08815981993033928,0.4424516212052477,0.3368093011042739,0.3075551423162157
0.0020294189453125,stopped,3,0.6679936365813918,0.7224019184671041,0.4590838091877574,0.3347998615436598,0.4957991562062848,0.42838402699303235,0.6779018463515578,0.5651623352599047
0.0020294189453125,stopped,3,0.9020809902639498,0.3830294235361281,0.8438035658510488,0.1646612747201216,0.8382934989072713,0.7533036936414286,0.8182829250404393,0.11650773934818726
0.0020294189453125,stopped,3,0.6944505980013894,0.09428299403475804,0.6542888569994079,0.4614069374711489,0.5258738293333537,0.1376198621214596,0.15147689728481972,0.0023384698567834317
0.0020294189453125,stopped,3,0.5607618799803693,0.17463033960663155,0.31382625224743355,0.1941874574981477,0.4466162632851364,0.0022807328375625824,0.7257871224663958,0.41812002171908025
0.0020294189453125,stopped,3,0.8704399356788554,0.7414493425478926,0.6979031253274336,0.8977084742709635,0.9857601058900686,0.06486753048259075,0.23856855685529155,0.6405924661437075
0.0020294189453125,stopped,3,0.8739885205152447,0.09645488606231845,0.7877839568438693,0.43353095173034284,0.8563930668321845,0.301708913048222,0.9110047838115208,0.08257814848049239
0.0020294189453125,stopped,3,0.09493209416502679,0.27291826270047426,0.5637782847664669,0.723254118569244,0.6328996318467597,0.18065325351367578,0.3893535384027944,0.03856173745923808
0.0020294189453125,stopped,3,0.3983496055027653,0.48441739966640074,0.45614340938764664,0.9297798488729001,0.02581599329347961,0.32851469937377076,0.2698952780971089,0.18132146591616338
0.0020294189453125,stopped,3,0.016953458361307905,0.8604023507881854,0.8341929223703682,0.3149858168007885,0.8595624214787979,0.4511494824342078,0.7610446845735623,0.6151487063370978
0.0020294189453125,stopped,3,0.9540428316779767,0.44393351571427087,0.27886737489120705,0.21484856589352386,0.38298164393072265,0.9150688518350883,0.6186278267908689,0.33585599978037595
0.0020294189453125,stopped,3,0.4309755613357421,0.1364058691948471,0.4822314113247237,0.9548849300902803,0.4017651297647925,0.4007300920534922,0.9914466773201188,0.08492508287130973
0.0020294189453125,stopped,3,0.6323630626616991,0.06305262714837157,0.1478058142234394,0.9662192196840197,0.9128488986974101,0.1300868725815154,0.03428973119570777,0.7723663493319495
0.0020294189453125,stopped,3,0.997420888902628,0.3280205397404805,0.23797078995887633,0.4659894066918533,0.27972432980940254,0.3394263065172065,0.6600014238759688,0.10704145159614031
0.0020294189453125,stopped,3,0.31745240875544145,0.6628163377666176,0.23213939501790193,0.4549203187875801,0.9176799185065704,0.5557794267482903,0.09586308042329428,0.24984428833556094
0.0020294189453125,stopped,3,0.9934366858125798,0.5145856527198773,0.11575878430414244,0.0030611568789212784,0.6750657792699211,0.2610907681839806,0.496520295648763,0.2933624565955709
0.0020294189453125,stopped,3,0.3645480909679446,0.7659206678457996,0.8374905558858847,0.8981908994686469,0.9791056840945765,0.43330996549127243,0.033424082973748326,0.9550967041356248
0.0020294189453125,stopped,3,0.23110854040758932,0.5255044889133593,0.5895304893146145,0.6546291051322134,0.9206640482849674,0.5981152728205158,0.6776487969477076,0.6392418074326067
0.0020294189453125,stopped,3,0.10099890650470988,0.3117193414310109,0.7766401924461399,0.024576470841476294,0.7871703122683852,0.8878962433267392,0.6422304527696285,0.24014791500123245
0.0020294189453125,stopped,3,0.9279270777106751,0.8450785578895296,0.9907248510753068,0.014535613932327496,0.5952716153784964,0.7429309753833582,0.6230014181853659,0.908151372132189
0.0020294189453125,stopped,3,0.03521685888114101,0.059737063283290426,0.23633877100149037,0.5001455021780429,0.7321800181632573,0.5827287087535242,0.8373183124884129,0.3197356179412506
0.0020294189453125,stopped,3,0.718163283734569,0.7934216484899915,0.8987966403856208,0.8008349077687434,0.2620276455790428,0.6921749845287635,0.7598263530204591,0.30878896587739235
0.0020294189453125,stopped,3,0.5375665951077965,0.22774288313903646,0.1538968480962909,0.05367030191207178,0.175766462369364,0.5163349018295377,0.14842974603296666,0.8565648479572351
0.0020294189453125,stopped,3,0.04922564361905002,0.9707104053863903,0.08301605885775232,0.737243575287318,0.08023670530513793,0.009175858484994914,0.20882683713063044,0.32697612387361197
0.0020294189453125,stopped,3,0.7484076471092344,0.35132032300954497,0.1556416197150633,0.613557788344001,0.4895243820914523,0.36703363870057226,0.4000565855102085,0.38448084029900564
0.0020294189453125,stopped,3,0.6643276174202624,0.477910347879536,0.843730108549047,0.9907551216783977,0.27589402079706404,0.6709653017319652,0.2349817550292026,0.20447458942597996
0.0020294189453125,stopped,3,0.8591277315700048,0.7777873073168483,0.6098914327441812,0.09251654993179192,0.6372370538341887,0.004795637479945158,0.11014542299624153,0.8999205347428522
0.0020294189453125,stopped,3,0.5297334519706299,0.3505481876698814,0.6623975315515195,0.9273025901624757,0.5262611894041858,0.6752199626366954,0.11091276459009503,0.7893005994169495
0.0020294189453125,stopped,3,0.5096919810667258,0.16312333270413137,0.4955123027045708,0.09756139282836296,0.6704106837937915,0.7397862230606602,0.5673542881067265,0.15676578243318362
0.0020294189453125,stopped,3,0.1112868547434801,0.5900767398027948,0.8237024029868947,0.3448661567812552,0.08590583681071096,0.08910028282927274,0.07585149248724354,0.06530014006524554
0.0020294189453125,stopped,3,0.2911021684902855,0.03368159418512695,0.981809528260175,0.7973869343874431,0.37165320282472836,0.2892544780954408,0.15882293006687964,0.16600601419325645
0.0020294189453125,stopped,3,0.2075378668161182,0.8680213968860554,0.8930348955798557,0.7199729170482618,0.8424543844946001,0.24455707762779555,0.2386026653113953,0.5129426715652782
0.0020294189453125,stopped,3,0.6092058749383024,0.1886676808310046,0.8147227369589407,0.8115677748807147,0.6921899456743259,0.7877402558631869,0.7079953128629005,0.795454950872628
0.0020294189453125,stopped,3,0.050190649196467874,0.011180660757845184,0.5456985420630189,0.518831937965722,0.6067317575299664,0.725729376394623,0.24497378034976014,0.35179202858259817
0.0020294189453125,stopped,3,0.6659995878297092,0.900808727652728,0.6376698099981144,0.08806782925180845,0.1940397409095006,0.383717196658247,0.946221847021344,0.4141877178475212
0.0020294189453125,stopped,3,0.29436418820022736,0.36873448757061233,0.1771000581083657,0.7013871040332412,0.4954104257890882,0.8787747615493444,0.3324590507877525,0.733337701768286
0.0020294189453125,stopped,3,0.6476956107538979,0.5508502537198481,0.2245855992949758,0.6196581130063219,0.9813293803142386,0.6937820262559052,0.872132502495359,0.7053760952438838
0.0020294189453125,stopped,3,0.7701310806441871,0.18005148385660208,0.7620060110916205,0.49052379449673267,0.04504902200778571,0.27960374252317843,0.8634768140769468,0.2231799620854188
0.0020294189453125,stopped,3,0.038599798112349815,0.3111057126942911,0.6426904902914528,0.995132637643671,0.9117055739508272,0.11190838943231118,0.07205255291918278,0.3332931915180226
0.0020294189453125,stopped,3,0.014537998874180391,0.5757903305852105,0.8198415638567553,0.7747814903992678,0.3931999108432963,0.17919869643309172,0.24496333322481512,0.4069440866109787
0.0020294189453125,stopped,3,0.2160731292163266,0.2807238061900732,0.1961317496743834,0.6200163906235352,0.17287801462357955,0.02645412290420146,0.14054777498714455,0.30786849860874865
0.0020294189453125,stopped,3,0.23873198120629835,0.7201993039801131,0.7401620025900396,0.7281589936430007,0.4587490535806402,0.12840053660216577,0.42846814761577323,0.02409924846203626
0.0020294189453125,stopped,3,0.37980699614728874,0.49591296929128803,0.47762157232980307,0.191110412245999,0.04201489812881676,0.7403517030113688,0.3462746493965747,0.7798245901597982
0.0020294189453125,stopped,3,0.38440058362655305,0.26729368338523285,0.710553143413024,0.1298357993123479,0.624489627531885,0.5043873096299383,0.6572511058689153,0.9865133294619187
0.0020294189453125,stopped,3,0.5466488376488846,0.598349768991047,0.6148735387771279,0.08088901585300778,0.7293567385230615,0.9011605306008702,0.3303376786408948,0.33327728135772305
0.0020294189453125,stopped,3,0.22293174650851633,0.5781651972450187,0.6983730912785542,0.9619647613803722,0.44413536542589716,0.8795793920387723,0.11527516594610521,0.8932645117354578
0.0020294189453125,stopped,3,0.6226909265728148,0.9804124917063627,0.5801196876334449,0.04288520048932987,0.9692927288929227,0.9873599178517779,0.4466279220194065,0.2575329087504734
0.0020294189453125,stopped,3,0.2691776056613754,0.4159868919502696,0.9311210651050554,0.7949906638072314,0.289437081269885,0.721219735743694,0.1243229925986552,0.8812257705936595
0.0020294189453125,stopped,3,0.8318653880597965,0.20973392620732623,0.5543611380891583,0.9840734862298098,0.7434920477360163,0.7355188025047525,0.9717992220809977,0.7016081734936954
0.0020294189453125,stopped,3,0.19847088214488573,0.25007873715311346,0.7216303325524304,0.06304145376790515,0.9419080433466804,0.551717373912486,0.913086057917706,0.5750065062414323
0.0020294189453125,stopped,3,0.11326307892923948,0.9287838711482401,0.7208614643396426,0.2656255989268427,0.5383182670352549,0.19111449799848212,0.22097107150727202,0.9721878370446768
0.0020294189453125,stopped,3,0.2129418812953463,0.44568806767342084,0.4178961745040475,0.6393131331213109,0.19006702986587132,0.5531998617937901,0.1350700412550877,0.01011573400461152
0.0020294189453125,stopped,3,0.15246200765628337,0.8941578010406213,0.8142138646666417,0.22271781444730876,0.2623807057938272,0.5920840798497999,0.3160793694263735,0.3989388725483537
0.0020294189453125,stopped,3,0.23902095139507107,0.94934698327525,0.9302747648735493,0.3730865852919891,0.0891523772935211,0.9643066878352518,0.7736046968069428,0.8168615086461918
0.0020294189453125,stopped,3,0.8797092440525351,0.6537011210174154,0.11867500386716989,0.9681055670016067,0.5897172172708268,0.5179812873468466,0.8062246703782529,0.09911612273728876
0.0020294189453125,stopped,3,0.8347002336971985,0.34802616064591707,0.2638529429006711,0.23384718884386047,0.2690256493808071,0.947384029371175,0.24843379261921672,0.35264934449111596
0.0020294189453125,stopped,3,0.8214370894455016,0.15225257845294382,0.0167553857858318,0.7168586357986861,0.009236955182150175,0.2935493777156153,0.3736755357971937,0.9915537350409418
0.0020294189453125,stopped,3,0.5994321774244887,0.6613614038658882,0.3347884674423601,0.18088752603229064,0.29840892929869256,0.46800063457839336,0.2267826710951465,0.7852456618637824
0.0020294189453125,stopped,3,0.05319440909394979,0.32886768331382843,0.20367865355792736,0.8306062291732588,0.26030462114934794,0.31221766942980533,0.8392054273097876,0.1104936608416871
0.0020294189453125,stopped,3,0.4864170693476879,0.14397942571120603,0.9208021426151047,0.41388597774828473,0.6189191452495731,0.24701752949141353,0.08577713980725354,0.5907240941261047
0.0020294189453125,stopped,3,0.03495573127885154,0.38491485085632404,0.979159787175586,0.14818164009890555,0.9003965488936013,0.011844407898518261,0.19826399601924494,0.7652459792953933
0.0020294189453125,stopped,3,0.23286853745247804,0.7326569280118916,0.9632443815993484,0.700341472076313,0.7433787927363341,0.39782189940318835,0.26141636380810407,0.4568624315727131
0.0020294189453125,stopped,3,0.3641846977484159,0.0647984209273118,0.18512767148005427,0.25972947789976675,0.08583477712088494,0.3881263432109724,0.12252525522089941,0.4471719170524707
0.0020294189453125,stopped,3,0.19605296173091413,0.35061036319565375,0.16888838716001842,0.011643053391730218,0.12765135652476012,0.3399007437853726,0.7325167979490996,0.20988602529760259
0.0020294189453125,stopped,3,0.9146534064536732,0.42095221699470464,0.39498254234543007,0.9187564776144748,0.6104825973663405,0.15142769860768346,0.012589694673067142,0.9219386897266039
0.0020294189453125,stopped,3,0.6619229402837175,0.8799995293223003,0.023991733381499958,0.05114369646689865,0.325347334748743,0.19228307756769825,0.33098267376137824,0.3575639389867967
0.0020294189453125,stopped,3,0.22582333675428912,0.13849868922688802,0.6697325514213125,0.8574598441115502,0.9109291526528425,0.5331347824821736,0.18398511792996208,0.3383654177083879
0.0020294189453125,stopped,3,0.7494583084067388,0.7335125476506682,0.4453852525748082,0.3687363020352963,0.4619670113409101,0.4919591172802905,0.28424501317175443,0.28850140513695777
0.0020294189453125,stopped,3,0.63251819725724,0.7981445653697239,0.4334076461709937,0.9639296899487105,0.31257953396403315,0.3348371110585209,0.6496792052946256,0.3677777140936621
0.0020294189453125,stopped,3,0.6582680780284919,0.5017020987402102,0.1290442929337915,0.6743100574754157,0.831430957266003,0.785869421242462,0.49907550086887,0.8400755410024093
0.0020294189453125,stopped,3,0.9204176966905188,0.006476484049279474,0.09617578453165976,0.5508591589082624,0.6967036879020522,0.49067785392271535,0.4681928960000875,0.18905613645362807
0.0020294189453125,stopped,3,0.10114052686756536,0.025016144930311457,0.15612141439609162,0.2318631287475983,0.8209047117725488,0.04772333643559168,0.9209516880715555,0.8901174108831392
0.0020294189453125,stopped,3,0.29459117394079215,0.7263292649110522,0.6528151151318933,0.7397340169228902,0.5767136968044139,0.8726232473996368,0.6361108044858284,0.4638372133733415
0.0020294189453125,stopped,3,0.4676126865758162,0.8181459685869434,0.5397082193707847,0.20786283409575734,0.916033040174983,0.08607997907171983,0.6508142888392686,0.9714148367812272
0.0020294189453125,stopped,3,0.8779300526782964,0.49842307346089987,0.42925156869172887,0.6438216798492952,0.8596702578261172,0.23517091791477307,0.2762058091149546,0.9636166381008114
0.0020294189453125,stopped,3,0.5056800158686661,0.754521755305177,0.5040612215924566,0.6853771216993965,0.0016141085682674916,0.5385538514407354,0.13914256772518996,0.7905409448779307
0.0020294189453125,stopped,3,0.7319987075318,0.12192135540477078,0.17460042116353425,0.8762875330450899,0.6758478725680673,0.48168102895678677,0.01030897846954315,0.4607982014280758
0.0020294189453125,stopped,3,0.6447395765455567,0.9932543207871518,0.3082016477285572,0.49755459724714535,0.00882117852281361,0.6008562107960422,0.8920822668574345,0.009303152053452446
0.0020294189453125,stopped,3,0.16520496310041333,0.6107736995414332,0.4013025935011103,0.24008384720285614,0.3006908615841065,0.7828406099767934,0.10101141285534687,0.594582609606335
0.0020294189453125,stopped,3,0.42929311018328864,0.04352816382208391,0.42496483164058707,0.5032429187229186,0.4134007062175019,0.1618425145693141,0.8937391425258857,0.4785729564930523
0.0020294189453125,stopped,3,0.7824402326883333,0.07665047440330985,0.1103192823478567,0.0541270958943596,0.7165319992168927,0.3158888117203813,0.6577210619656932,0.8711536557684517
0.0020294189453125,stopped,3,0.13209949503799634,0.021824359314003394,0.28379665199281534,0.4562091172511872,0.20451819787922398,0.07873171056801109,0.36527366638716596,0.8420449127146495
0.0020294189453125,stopped,3,0.389317958073249,0.8946953037692454,0.6364531597708794,0.35001140590880264,0.31338577220686503,0.7628801642919792,0.07201469249125392,0.5444745989849773
0.0020294189453125,stopped,3,0.0850787079726183,0.3749690151132762,0.10013021967457958,0.3950001865041429,0.34795960332996556,0.5847592897985447,0.8337549606950739,0.30045295822577245
0.0020294189453125,stopped,3,0.11115490059172206,0.10182217141911976,0.21163728227298717,0.8132219303834487,0.31479849055513276,0.28816155022344814,0.3499153103931161,0.8265113248383514
0.0020294189453125,stopped,3,0.9500135543749997,0.6464375247035267,0.5204580000653435,0.31326229144392026,0.29392417656116143,0.35922339361803246,0.019499315921378213,0.9373091518716153
0.0020294189453125,stopped,3,0.2649735690558709,0.21354858519391517,0.359259542432935,0.8278185620739137,0.2402666310435596,0.46346569397299797,0.39337879457109715,0.358300841056861
0.0020294189453125,stopped,3,0.7728785830084375,0.4824905259307085,0.2591388651489456,0.47766212785829565,0.9301530399690288,0.9286891075860583,0.2195045732804104,0.7807155810107463
0.0020294189453125,stopped,3,0.8901297286740871,0.24225665151200038,0.7953560289545505,0.48304481157479784,0.06827085945883071,0.031227130565154138,0.34844376819567624,0.0789731736575523
0.0020294189453125,stopped,3,0.038607518503468996,0.5362917186200836,0.4113619176697252,0.39283849557263295,0.5259354141149895,0.3326804735570189,0.6243282159890182,0.22509460262590308
0.0020294189453125,stopped,3,0.13659934685775765,0.18572407803469337,0.46844780404260966,0.8703541963640148,0.5778062161285532,0.33391697787908003,0.8197538019082335,0.9300655312743037
0.0020294189453125,stopped,3,0.43262478089484036,0.8989076987149005,0.8276396975029581,0.16525383245248382,0.471858798607663,0.0829755702268361,0.905719289591059,0.08317058487865225
0.0020294189453125,stopped,3,0.772282012666318,0.0236094487849432,0.4754447381789775,0.7529354528640897,0.4878030788589387,0.6645605633433849,0.8167981360456581,0.8844207534186165
0.0020294189453125,stopped,3,0.872893707241658,0.24778146930850453,0.8841416908943288,0.28479990263193666,0.6731916651831986,0.9092653171879751,0.6643644394725222,0.02111297441116944
0.0020294189453125,stopped,3,0.28427410447637613,0.21887793315937143,0.2815015817093468,0.9222836832090312,0.5434229599947565,0.8400208545018547,0.23329332310383444,0.4742039826558023
0.0020294189453125,stopped,3,0.7526298359188505,0.0645782464999961,0.2741573570527661,0.15924710287746802,0.43379373919431385,0.1164283880316479,0.5516876289725582,0.5570375246598935
0.0020294189453125,stopped,3,0.2013769417345319,0.5793539386308716,0.6053878440487281,0.3238751641227966,0.8914703083943071,0.9442844651609219,0.3246177700183601,0.18673847953696887
0.0020294189453125,stopped,3,0.4155838374216856,0.6869994112692224,0.6301373105913136,0.6985126407870086,0.9578584253794417,0.9958630149121379,0.9536125603952044,0.1860644027714995
0.0020294189453125,stopped,3,0.7133331744287681,0.324814062469996,0.6747099637193537,0.5236203760915487,0.30905257161717914,0.5157358351955376,0.8954929041851981,0.26759542994830365
0.0020294189453125,stopped,3,0.4547953053830359,0.4301163331643615,0.9862319925980045,0.27472876938856483,0.8884935938848344,0.03378275745017745,0.43396888243765264,0.7535464359598283
0.0020294189453125,stopped,3,0.49236354644958114,0.6948445470032735,0.5110383530052321,0.8257210736733469,0.7798737982536612,0.9695963303965088,0.05516637981975703,0.7775511609559136
0.0020294189453125,stopped,3,0.8326525074036615,0.33131752079582,0.11022432993966202,0.3767433164047258,0.5964251633295806,0.6088057629123369,0.12077897807941862,0.04728990543880707
0.0020294189453125,stopped,3,0.7163268051952318,0.027537108457488912,0.9362179730185212,0.2522309926826717,0.6199055045930744,0.5240059103157341,0.13488780770242337,0.39255822252144656
0.0020294189453125,stopped,3,0.3304654181286558,0.9795826020520952,0.8787014516343832,0.30868728328892237,0.9050720395366866,0.5736318200455544,0.7213765973440445,0.9536175097031451
0.0020294189453125,stopped,3,0.7426713996712637,0.7517132259335151,0.36301838829526134,0.5889875376130859,0.2973284888938398,0.10882199530257086,0.34558190321189386,0.3574913408858226
0.0020294189453125,stopped,3,0.4007121806104951,0.3077847235784861,0.5191276790707903,0.2125749628625122,0.17996378345575192,0.7920200368570025,0.9905881695126879,0.8757152724205101
0.0020294189453125,stopped,3,0.7508459545797602,0.27262589403458215,0.6353365341932529,0.6677648820032709,0.6704691047970616,0.29411847407493996,0.9657117029942984,0.8273727359056571
0.0020294189453125,stopped,3,0.9747536159765352,0.5666134028997327,0.7774778118497283,0.7472788546020452,0.3997518903677244,0.7714628914047461,0.19187721965290072,0.4581339447668482
0.0020294189453125,stopped,3,0.053268749876595356,0.6478674424123363,0.7661096188237021,0.19852511746847767,0.03913761581464015,0.13266792962150853,0.9113493049747563,0.42502642174701655
0.0020294189453125,stopped,3,0.6743249035830486,0.21163513204825413,0.05951856204301231,0.5339126451649974,0.05271283378786884,0.3085053913759189,0.2080424128781636,0.5943043792383724
0.0020294189453125,stopped,3,0.7665341151589175,0.9765744179773916,0.16183530653317113,0.4525238980577829,0.8509827003270055,0.598759579478443,0.35673803876169297,0.9229418070078275
0.0020294189453125,stopped,3,0.5221388287025887,0.14219272573729858,0.5805422990159188,0.4861654821435488,0.2693242366710561,0.4276366314416886,0.20110182768999063,0.9667806863473893
0.0020294189453125,stopped,3,0.4169459408915066,0.08990099887028635,0.11285522916340063,0.8846236155008556,0.9074242327388827,0.04398998017123257,0.8322989654423095,0.9688768409565898
0.0020294189453125,stopped,3,0.16814347184817802,0.06387367416944634,0.44252918242927,0.05355772078817411,0.1044510926885327,0.07811914587175228,0.4344582167229233,0.49815515002428645
0.0020294189453125,stopped,3,0.017161311498561593,0.6864215547734578,0.08162566387224024,0.2327160778839189,0.44422404469276366,0.6987653227583438,0.11437851905131735,0.30371125646563746
0.0020294189453125,stopped,3,0.017041648550639943,0.10744649905127923,0.0632895735230351,0.3197667240836425,0.7331086535209274,0.3706186186828915,0.039360991414997826,0.08558012744000709
0.0020294189453125,stopped,3,0.12795000673842416,0.0072627136041720775,0.4084832743782344,0.06054412607217774,0.3221095456547285,0.9044908958116502,0.22283083069995702,0.18090576720488438
0.0020294189453125,stopped,3,0.006305444445824704,0.10737637778959663,0.5730881022411226,0.11464315663028124,0.17479161907158935,0.33227438943845,0.07389571115357318,0.8127764137488899
0.0020294189453125,stopped,3,0.06093060386441851,0.7719435767018183,0.7405800709572717,0.030773418883702996,0.6582201311757275,0.7601426827043026,0.6878184908838799,0.8798475899136384
0.0020294189453125,stopped,3,0.5671124991933165,0.8888050344538325,0.5257479932412906,0.5011122416574858,0.22095983542355702,0.5131032750257168,0.800414259205111,0.15063420798276494
0.0020294189453125,stopped,3,0.9001253459313404,0.2803574238263965,0.5092032390925417,0.23683030456377074,0.10077643553754645,0.41295575316421607,0.5603646100631395,0.15040448971724774
0.0020294189453125,stopped,3,0.021435783452875445,0.4705007216296111,0.7848747166617306,0.767807865243388,0.3718170612861347,0.6596128823848492,0.1116428987349587,0.48087986885095946
0.0020294189453125,stopped,3,0.7266519243473917,0.8296935220188222,0.9725544032405378,0.35917566965319236,0.5285472827389976,0.46349273308071826,0.7521779382396702,0.6103720638539331
0.0020294189453125,stopped,3,0.4478847376756415,0.21656278443400268,0.5264667926338356,0.30239517726556064,0.6557250134805783,0.0640573667336225,0.7637546517884585,0.30102419062320973
0.0020294189453125,stopped,3,0.9595623454476888,0.9669766601020243,0.2096497057397425,0.04848567563409878,0.5211249750382606,0.7955266297026646,0.7294535108624672,0.004264207569289913
0.0020294189453125,stopped,3,0.6713048393022577,0.11996883233974243,0.6852578897210536,0.5272969771357654,0.8203022033256984,0.4136112635677268,0.9621269688021028,0.007665331857486968
0.0020294189453125,stopped,3,0.7568194645034825,0.4012967532592594,0.8185890372666215,0.5288811615013166,0.5878305550203123,0.833753640959112,0.3992141638902329,0.4558976370537523
0.0020294189453125,stopped,3,0.6393253239381855,0.8095684257896035,0.7682206892797228,0.32953747389664223,0.5270269600108383,0.14347884284066992,0.2262327094260126,0.9204975371518789
0.0020294189453125,stopped,3,0.8220014555912419,0.057346888983207056,0.12293379339537414,0.5296134792293782,0.49387424635547306,0.25498527164081286,0.8570084392047591,0.6178520235229037
0.0020294189453125,stopped,3,0.4077819773855591,0.00806292809079312,0.6273924137095774,0.9362354769485414,0.025642997900597986,0.4553238150377238,0.5742110643596079,0.026097501863157957
0.0020294189453125,stopped,3,0.5731523214644082,0.8512447161377842,0.2040740795960544,0.928218298909583,0.010389157158464113,0.4185025062732878,0.9517195821079681,0.6336312418717676
0.0020294189453125,stopped,3,0.5238623457514815,0.21808397669906332,0.2040721313377174,0.20439163867187482,0.05216532484539449,0.8367461492941582,0.5823316539916176,0.07536855756421412
0.0020294189453125,stopped,3,0.20662434022820997,0.9558863877691255,0.37460777291755365,0.6373764033292769,0.018901109653829296,0.374598007438112,0.9058127361241768,0.4522755744960475
0.0020294189453125,stopped,3,0.18800808610097952,0.5241474066213634,0.04184116779124791,0.6390054862142251,0.39599610077380654,0.8344204812644129,0.39721418857517965,0.5166781832508296
0.0020294189453125,stopped,3,0.6460963972653551,0.30154836063663093,0.624229101425372,0.009103284172789605,0.8302213390359742,0.7111726984196923,0.4377908859890056,0.218245185041551
0.0020294189453125,stopped,3,0.7130983298489046,0.056808172600713025,0.29804607662212423,0.42529667134113736,0.2276312502271316,0.474216430180335,0.3879992911669985,0.4892802304676632
0.0020294189453125,stopped,3,0.32508895778910285,0.22786734228408367,0.5427950165201861,0.44819052808756177,0.848800085745637,0.11920082353151962,0.5538130396599884,0.2705739006800564
0.0020294189453125,stopped,3,0.45416500685208727,0.6339125057243357,0.5758779993468565,0.7373966301459357,0.20240166213234445,0.7652150171558105,0.25326535354301605,0.9910601355270242
0.0020294189453125,stopped,3,0.5130493054610158,0.8630020553680349,0.5354236255379362,0.3908067813916586,0.9457709656838512,0.6615515069746783,0.401779347798095,0.9554636441482333
0.0020294189453125,stopped,3,0.696893058760836,0.23643030888127148,0.0417543589882482,0.7113437861537321,0.002339728449561318,0.15214716242344606,0.5953768175688275,0.30713912150010825
0.0020294189453125,stopped,3,0.37253785963539465,0.4571891485283033,0.9264886152654043,0.947274692434254,0.21981576444407525,0.18707614922292315,0.08026343104802025,0.33892401047356613
0.0020294189453125,stopped,3,0.9108575673794166,0.4748718187883214,0.5702099476211818,0.4885788063981553,0.7862679533342918,0.059769950850704356,0.33767153081659995,0.8914799830036041
0.0020294189453125,stopped,3,0.21214271798481632,0.23163262958975472,0.7739794514060725,0.8302555151887858,0.0306032830512043,0.857759395498269,0.39879761716166473,0.3955663610384479
0.0020294189453125,stopped,3,0.6608223407484973,0.6061331658889668,0.8674090050396223,0.92932270176636,0.23469642384714073,0.4809866268090578,0.5410462064190796,0.7928910270685917
0.0020294189453125,stopped,3,0.49802643812989567,0.315801768088914,0.4448935385860052,0.610868314182785,0.8407731507093026,0.45006538258902484,0.3247806784006041,0.4043710332203412
0.0020294189453125,stopped,3,0.35080793796227094,0.6843709808235526,0.9371079938153337,0.8405394909165288,0.693197510475987,0.3527458391729449,0.45958006139746677,0.8422152795753131
0.0020294189453125,stopped,3,0.2716170515976861,0.13801504736762948,0.12341234942523716,0.503602557082289,0.5844000856316751,0.4894993244889211,0.971947964640877,0.1678771332067286
0.0020294189453125,stopped,3,0.0027233481753744515,0.6299873588635323,0.4099768251753474,0.07719170138300913,0.5683916042290207,0.9266007687769843,0.8689992458909537,0.3265573936937731
0.0020294189453125,stopped,3,0.7408925902662568,0.4200388949760585,0.10284764979021743,0.4676660649609299,0.12322706905895675,0.20168479582762433,0.7958564330077139,0.986069062344375
0.0020294189453125,stopped,3,0.9465079476789277,0.11148525204818471,0.07273097983715715,0.2945471506354156,0.9551603290954197,0.5325294264781547,0.4771500180266113,0.5848024010438453
0.0020294189453125,stopped,3,0.2524284149856503,0.2664920118359143,0.02224344231048958,0.21318572466315844,0.2519604432887035,0.7360811137983267,0.8876006279647312,0.25681586521498534
0.0020294189453125,stopped,3,0.16744583914466193,0.3592721604802981,0.14309572410196736,0.7039740668182242,0.7929855343741283,0.2837880195513125,0.49257166765550475,0.9901898128649748
0.0020294189453125,stopped,3,0.535709434604437,0.5829872550304717,0.3567997144495484,0.17905134266854417,0.01705410593676604,0.7381083879318449,0.28266470520194587,0.22633455500947397
0.0020294189453125,stopped,3,0.10703746908990197,0.5148235893369721,0.6576913489775923,0.17609771582327205,0.5373853810782219,0.12339042350557183,0.6183787206989532,0.14307998371452557
0.0020294189453125,stopped,3,0.46945564648898563,0.2365562821605074,0.3828978118656259,0.7598752501815986,0.5589497964192148,0.730429080735206,0.3426524964853813,0.06950420967309512
0.0020294189453125,recording,3,0.7080385113619468,0.6962171982082512,0.9792771951996297,0.8069241083591233,0.7647838337228208,0.37070981712583817,0.03375497311171527,0.5872435687713919
0.0020294189453125,recording,3,0.6768435502987539,0.8980244372255767,0.28637782502246045,0.30103852472535797,0.8153303644035813,0.03660440123006903,0.48100220281144834,0.22633819971431157
0.0020294189453125,recording,3,0.5432390188389499,0.8975817961313635,0.8585163863346438,0.9364571354395275,0.01273902987305453,0.6524251376587109,0.12347021408078818,0.9176626340485037
0.0020294189453125,recording,3,0.15686112533845353,0.28190849032964305,0.9261391561846268,0.3718998851004609,0.132213980912667,0.6633765544684727,0.3898273155958629,0.07208292833199526
0.0020294189453125,recording,3,0.6706327110730429,0.2735211368198053,0.39420403485787026,0.40810001566187826,0.9957163144380983,0.7626165835366624,0.8682670560592033,0.8890271746586493
0.0020294189453125,recording,3,0.16484286033871387,0.6539589172888948,0.8523937154098836,0.7038444526322906,0.8324619127159373,0.6662573392674538,0.714895879334675,0.3773462965633102
0.0020294189453125,recording,3,0.002808043645293634,0.3199106838173319,0.026664054765093703,0.8942264102932582,0.5098067835814731,0.9983536096585666,0.6114926974696413,0.04488595698398423
0.0020294189453125,recording,3,0.29546206991839863,0.10473556664143058,0.6998764181223261,0.21593640875421627,0.10241236078125016,0.9636404819259191,0.8604032815397223,0.455071312205826
0.0020294189453125,recording,3,0.571077243161707,0.784219235595505,0.6273568291284308,0.6834216318433303,0.5639239230510638,0.3275085757921177,0.30933630962320313,0.93607567869345
0.0020294189453125,recording,3,0.3059942210849639,0.6797731183529235,0.37538217268055185,0.9474524298219957,0.39594195572990476,0.8531818126085169,0.23504600250167174,0.06223076710476583
0.0020294189453125,recording,3,0.37659739088161426,0.9022455151645506,0.07644289713855124,0.8821140973132464,0.08873102311252234,0.22186699963128997,0.776728682207198,0.9773755778011097
0.0020294189453125,recording,3,0.2467985617535705,0.7060476601954178,0.367794304151544,0.7538254567122787,0.943157950989537,0.4094775840121644,0.5181142470431002,0.25630134246700076
0.0020294189453125,recording,3,0.11514676009526448,0.9654034572857652,0.4158004016195338,0.4433834911418053,0.8412839381243191,0.4319246806567436,0.5349781472024507,0.8374582964427013
0.0020294189453125,recording,3,0.4919885399226188,0.6494988589566143,0.5705894132340992,0.9464165265036885,0.9990172713199933,0.6700672690812488,0.595706183037171,0.32587972241400753
0.0020294189453125,recording,3,0.8150313818909392,0.21146206299835957,0.32061312935184383,0.8263364427081188,0.43441463937050295,0.06651219037513478,0.3650304049943055,0.4923045200287248
0.0020294189453125,recording,3,0.006272427366352584,0.9841482689746541,0.14255844511799687,0.6768635875596457,0.6618705588305213,0.8254157158274497,0.6767608017228952,0.5765959982392702
0.0020294189453125,recording,3,0.24665910937126023,0.15294408675110838,0.8198257745700837,0.14130573237945898,0.9833593224527085,0.7859110628754182,0.6577747769585979,0.09150415011003565
0.0020294189453125,recording,3,0.9150100729949366,0.713730601886591,0.2523632122525523,0.47290447258772184,0.9753133412959825,0.6245670753535926,0.34421377256303043,0.26246402491093856
0.0020294189453125,recording,3,0.09080749721216519,0.1683007298336694,0.8682096863286143,0.9376132129654552,0.7692397708930772,0.2969356791571969,0.7987482154700004,0.23290373697501043
0.0020294189453125,recording,3,0.4388537208207488,0.6378067254626417,0.5396788730069498,0.6774527833926576,0.1508944802274731,0.019083215275450427,0.28274740508389273,0.774053279639731
0.0020294189453125,recording,3,0.5507383835379738,0.03239090488991858,0.29218046484952154,0.6625118111939837,0.38022787866349594,0.9417646739591954,0.2871380944956492,0.3768692010916378
0.0020294189453125,recording,3,0.07282789399276879,0.9445969461002434,0.8746002509583931,0.7823242681717604,0.5121700303916067,0.5867731182082982,0.6154188284215002,0.5574637599301348
0.0020294189453125,recording,3,0.021314565626796678,0.5671656368061391,0.3003175409646399,0.624211277983565,0.6753550833361802,0.3538941079820387,0.4670667698948324,0.7568186945732212
0.0020294189453125,recording,3,0.1975882823201891,0.23212563430013033,0.05322522068632629,0.8998702929321426,0.7008197290090785,0.512669603268306,0.5473675498262189,0.26195278617059126
0.0020294189453125,recording,3,0.1312856202119146,0.42287583899480186,0.9591426607800957,0.5010312024457807,0.9706321952316673,0.9523210985895901,0.2842148455501615,0.20369649617832597
0.0020294189453125,recording,3,0.13270932882509268,0.09217950623328175,0.4848510484590761,0.42690867125090315,0.08722800584383505,0.5936938191832258,0.6434681337785776,0.9155820096290317
0.0020294189453125,recording,3,0.9423157194075975,0.007114484503409346,0.134411202533113,0.9252060802100193,0.08612267228798542,0.002796743623928566,0.821274286143634,0.9128333425715223
0.0020294189453125,recording,3,0.8090423711161076,0.1987075980272377,0.6204368129935245,0.3028756101821338,0.9023051831605343,0.7307837659846134,0.7007728936419044,0.7930417072470256
0.0020294189453125,recording,3,0.5419468564143723,0.8727355519088765,0.6728858398934912,0.8068588782386165,0.5810452898410263,0.6301493345489297,0.7629567574065155,0.5945755483511342
0.0020294189453125,recording,3,0.930276380995248,0.48854805599011375,0.25881662815248574,0.35134239495038255,0.27985517029245555,0.7802621088267293,0.17380900041573877,0.3625617933953107
0.0020294189453125,recording,3,0.5767574357929905,0.09263722703643584,0.993202543750677,0.5954306612034174,0.492075652243953,0.7236303834467155,0.3324818619985934,0.1643411482363094
0.0020294189453125,recording,3,0.4427796435994654,0.25695938978473587,0.04725886622929576,0.9272967159093003,0.13683872683596354,0.11770351019631597,0.528801547267061,0.8364760238208807
0.0020294189453125,recording,3,0.5507916103013528,0.28169641600678286,0.009529230349009432,0.818847206473465,0.2938910024854552,0.5682445628271774,0.22505524580137015,0.9657057404608529
0.0020294189453125,recording,3,0.36115004684926566,0.37995976499212514,0.7836132536997955,0.9420366685924553,0.9833528080850773,0.24411482671070883,0.15271276926105237,0.15477728184252038
0.0020294189453125,recording,3,0.45673915489926276,0.7869513448116348,0.6648628531055232,0.8024329407460596,0.48102329388830245,0.5157635713938048,0.007797433317213387,0.4628176188917499
0.0020294189453125,recording,3,0.05455931463972408,0.6036004105530919,0.793165351543671,0.6613877442563362,0.026231451699416986,0.735117702474665,0.41378111337746604,0.587789203437967
0.003039121627807617,recording,3,0.2242253277743791,0.24447134823546923,0.7897382934930954,0.8831639735917888,0.6734426409944873,0.6243973166584339,0.45794049699439454,0.2882088146605173
0.003039121627807617,recording,3,0.022577248943929207,0.8425229035642154,0.030434529247164166,0.47559127842488513,0.018085221409415153,0.5026912205344432,0.2376415717412821,0.7708125290620874
0.003039121627807617,recording,3,0.021371149582249838,0.4021774152500276,0.4326824601649034,0.3269182500796527,0.6962737068175564,0.8240248565017309,0.6516434700454965,0.9333607311544381
0.003039121627807617,recording,3,0.08640207302242764,0.791982788694243,0.36560059740624906,0.4612860958086654,0.9944598947135792,0.9000582869144472,0.5019762977569752,0.6226234450193928
0.003039121627807617,recording,3,0.9779803971867037,0.3602438185099035,0.2833021159596366,0.52814298739688,0.713490981040027,0.0403828671829739,0.3208287409761511,0.9914011452855113
0.003039121627807617,recording,3,0.2739498259691595,0.8378205892037901,0.09805515620887251,0.951042216748662,0.5205176001443421,0.34890652014713297,0.6578173199657638,0.8249212261541924
0.003039121627807617,recording,3,0.021644643215167347,0.20680263394230503,0.9344179802503186,0.5395703623863033,0.8734351582119779,0.203441710918135,0.7905646261704461,0.636139847388089
0.003039121627807617,recording,3,0.7279116402743808,0.945515160170241,0.42176454765248905,0.003747541104700103,0.8112094187151406,0.08191164794371153,0.06398971700876199,0.5793374876478711
0.003039121627807617,recording,3,0.662282139234287,0.3796751020447834,0.8850671004908052,0.4966935918301313,0.41613841121232364,0.08516314722313933,0.9574327735199449,0.9628619945367775
0.003039121627807617,recording,3,0.6028300187437493,0.649062680982166,0.27264354192025897,0.15955502133812471,0.26907715467073234,0.4253587819451251,0.8518129172966223,0.016658564981664625
0.003039121627807617,recording,3,0.6358730689179534,0.48477355412838186,0.9529915283360885,0.4086091210451155,0.597164105903182,0.3697330761563048,0.754475430239527,0.505237749936345
0.003039121627807617,recording,3,0.1741221359275621,0.791190173600264,0.2634224697145321,0.4293387613864621,0.4905757033930801,0.8356692208175358,0.21861942457540018,0.79655496800522
0.003039121627807617,recording,3,0.7206349260844834,0.7041971179933244,0.8926106810631929,0.6722977381553761,0.8224477424328928,0.8316281778441396,0.2545684697559918,0.43269987346342154
0.003039121627807617,recording,3,0.11064651469393494,0.5291143240689932,0.18789726789151673,0.7440748568804318,0.7189131648849952,0.08900581032224597,0.20135420056130526,0.9654412315545401
0.003039121627807617,recording,3,0.6871906492964156,0.593067718608865,0.24737073374785656,0.4195569072506927,0.9719820730012685,0.45953554380873163,0.2835708656275755,0.19084279661274028
0.003039121627807617,recording,3,0.7424684743628844,0.2495501902849423,0.7800771180546083,0.3809669100383847,0.14534661773827973,0.5323167048320981,0.3793246998285511,0.8909375023525656
0.003039121627807617,recording,3,0.2805700084875893,0.21923484023748008,0.47421819573903834,0.37168560698046305,0.1835712174415033,0.17458965006340943,0.5152027935575983,0.4726368463189744
0.003039121627807617,recording,3,0.8620647413163254,0.4925511660540005,0.4323434437861967,0.22363791263564026,0.8440186119600083,0.47225985570475715,0.12851379837659394,0.2335877694100973
0.003039121627807617,recording,3,0.6043212183853712,0.6229516328939283,0.9420785982398469,0.0460261258104715,0.32750687032592174,0.012843814627673145,0.6406756767302293,0.3904410035784963
0.003039121627807617,recording,3,0.4560877251094274,0.4042510262038843,0.7937223053719829,0.5737500258285365,0.46319831516658994,0.7724334979993798,0.8160885755073636,0.18552018912238888
0.003039121627807617,recording,3,0.4684065542988838,0.8297736217414314,0.7583103337746091,0.45495129347111374,0.29456351702198846,0.1407846011471231,0.11196746443486816,0.989629264401132
0.003039121627807617,recording,3,0.9046728633250795,0.5028289541272719,0.21653452918284666,0.8432510762812269,0.18174673168162847,0.39987622700519376,0.5809219284682432,0.8731517734937916
0.003039121627807617,recording,3,0.20388814655045184,0.6013400577628586,0.29606373091137783,0.33139861423009176,0.9537959423948655,0.19650073276533842,0.3907860330275872,0.2686147436430393
0.003039121627807617,recording,3,0.5097454735576115,0.003191989314016097,0.07220650759953662,0.8737642115616826,0.02832752547698414,0.24599234237331946,0.6768275617786018,0.6162672468940842
0.003039121627807617,recording,3,0.00977479444908902,0.809306891014636,0.11428330280564725,0.5990143643928116,0.20621127557636476,0.7572866592594351,0.08315438768601824,0.38579856000160295
0.003039121627807617,recording,3,0.8905033687325766,0.8173853460182446,0.5739403005529249,0.5741760668483865,0.2117403746243367,0.8536524943135705,0.04752564766954703,0.04739043416344502
0.003039121627807617,recording,3,0.7495396983865519,0.7630089463401124,0.8587251325071961,0.26425177704663005,0.7471756191475033,0.8965500324899286,0.46141047172773475,0.5583362515134085
0.003039121627807617,recording,3,0.9854332115946348,0.5536603022374855,0.4054122134700896,0.697080252511896,0.8622633139761895,0.02761621302102435,0.8849730880121746,0.15659541698347468
0.003039121627807617,recording,3,0.8933473800870717,0.013459534344009483,0.1880608972393033,0.2771975810444489,0.8843732083040815,0.09671848708731301,0.45285355058464316,0.5205809828223796
0.003039121627807617,recording,3,0.13360895510978132,0.6986355557345119,0.5366990540945724,0.6843801208289572,0.08657009548903416,0.9279183732247598,0.3210246646808992,0.938959680674031
0.003039121627807617,recording,3,0.43126391835448696,0.27543231632265397,0.3184409724397349,0.5637044356219878,0.8423080592973324,0.3974280275667138,0.9041657693511205,0.37759310335555585
0.003039121627807617,recording,3,0.23606048657168488,0.7573462362855297,0.02541591588228931,0.9971611209077664,0.4904721095364556,0.5359728802873058,0.4123837112180119,0.7888911501508002
0.003039121627807617,recording,3,0.37314218079902006,0.4190480027246902,0.20932854896087816,0.9863571654370935,0.4207893270595343,0.8046417988466712,0.47917344437748033,0.9401425300498393
0.003039121627807617,recording,3,0.08476133616646708,0.7850661868740919,0.9221176814452127,0.6461899618842473,0.8606812655518549,0.6317515965316366,0.9478340107583524,0.07149914460553386
0.003039121627807617,recording,3,0.4408433898501253,0.3159905438659132,0.05901826866632909,0.7377888819848535,0.639787098471579,0.49346565147838883,0.09831066978558323,0.770445651985632
0.003039121627807617,recording,3,0.3024924248654133,0.006318692862067654,0.3012589644236725,0.4314291144811264,0.6095654585906435,0.798658847693829,0.5221821736505188,0.4139870614973272
0.003039121627807617,recording,3,0.821240016607127,0.9768999805654952,0.05257070334541103,0.6218379748505015,0.8421743392399866,0.46538238194079695,0.4082778206023311,0.09361370215255782
0.003039121627807617,recording,3,0.4759467157900643,0.03539029228399204,0.2592913394553986,0.6757747630442079,0.6118252624740798,0.40832658507512865,0.45477183491722606,0.9908889160023495
0.003039121627807617,recording,3,0.6433900614464853,0.14439588704758,0.03002965930292245,0.9809165615456882,0.9075531796747756,0.7799203339102363,0.3222208971223425,0.7027963818510251
0.003039121627807617,recording,3,0.07112069745640714,0.4649109583524087,0.33225233538648313,0.7356890206224307,0.7774206971263445,0.27851618870009187,0.24490344648807028,0.3989668924812527
0.003039121627807617,recording,3,0.3404508495113294,0.4428860991439655,0.7884848285999579,0.8520053626547108,0.4444204904282989,0.1393779826042696,0.9264048755885607,0.39647008500784886
0.003039121627807617,recording,3,0.2137037501422897,0.5464078922615784,0.5494385369421734,0.06445795629569973,0.37892426997039097,0.9850037902688663,0.5541522355375678,0.40007036564201903
0.003039121627807617,recording,3,0.82891444115317,0.4622391209916089,0.6053139367905066,0.24185109041538977,0.13601311009439976,0.5370421144514979,0.19803581836766782,0.7291407012541392
0.003039121627807617,recording,3,0.7876223895185682,0.4866001439468165,0.9838909952036697,0.8819994178720552,0.39533080024786527,0.9038179580568227,0.5262057082204745,0.1369646979433934
0.003039121627807617,recording,3,0.18150299384984603,0.37422566447722805,0.7783584792804573,0.6351544546073129,0.7188131606163698,0.5223555303670869,0.4929258921532971,0.037297635084475256
0.003039121627807617,recording,3,0.8864606989405913,0.35074605947079796,0.535613463135614,0.20059282475264661,0.035886208317540635,0.02493886928507527,0.6584038165822447,0.469372861181797
0.003039121627807617,recording,3,0.11977053820835537,0.37539534523371354,0.3093870510731681,0.7801679710614985,0.10586640343488207,0.9817186866492588,0.35204317687976827,0.032633741699175545
0.003039121627807617,recording,3,0.8359068442353318,0.1610470718029986,0.10867250837970555,0.8465660788252779,0.5437272893373867,0.8019521411647357,0.9068584757586209,0.2946649837539582
0.003039121627807617,recording,3,0.5607645047688522,0.5069724451310644,0.8667600978653841,0.44979486506906974,0.14588395438429547,0.7730714595503909,0.05925466911416111,0.07115744421457681
0.003039121627807617,recording,3,0.7130616749947609,0.9984835009197046,0.9228925024566753,0.8807008822877591,0.8936947497015167,0.14650130440969455,0.5940228993054641,0.7542078181150608
0.003039121627807617,recording,3,0.02275438796672169,0.6446777133297208,0.7361744893762839,0.7093649460741532,0.6699182520121634,0.5376603963322899,0.0413303546756586,0.6712126204131086
0.003039121627807617,recording,3,0.7050100360368386,0.9008737082121118,0.39305495125054624,0.6523506457067785,0.43266640184795924,0.8922460028669501,0.446154720914407,0.10663284046427413
0.003039121627807617,recording,3,0.41266845505729655,0.3328104698804687,0.1580587752289917,0.5841822982052857,0.3131228990645496,0.9487138963149475,0.7351007012290416,0.6676888738578802
0.003039121627807617,recording,3,0.4970558075276549,0.9580841424637687,0.7046339711361786,0.21490113617928086,0.6541064153733379,0.12855742555251415,0.21569714010676444,0.569659462247507
0.003039121627807617,recording,3,0.8118096030700555,0.919841131104222,0.5278712042673567,0.9884463687255367,0.7662311164096872,0.5214914483531404,0.35478165208392487,0.4831995644436333
0.003039121627807617,recording,3,0.7695153310073426,0.6307569528807007,0.9226881711976099,0.7067699546305811,0.8556681084993304,0.6190899565694026,0.46864849563774835,0.8125800913351745
0.003039121627807617,recording,3,0.7502020013389717,0.08254381262004762,0.015304605920591574,0.8169489658664584,0.7595483819012877,0.31517343755324767,0.11957216107811952,0.047248337396524676
0.003039121627807617,recording,3,0.19246316346430825,0.0922553722677556,0.17111275296415596,0.45271492592557083,0.5057761851538732,0.6077133421484471,0.9044335195140996,0.5848815743594492
0.003039121627807617,recording,3,0.8523903431930699,0.6295407401838119,0.9429710150872171,0.09232128054700428,0.45421146321852923,0.6449395048761748,0.34667839592981164,0.7485624698245088
0.003039121627807617,recording,3,0.7249336096715133,0.06011414255597969,0.4060735824696341,0.980310178480318,0.9802326312915555,0.9997874072520975,0.41362618940141305,0.08251307057366686
0.003039121627807617,recording,3,0.2714006981197189,0.9174677007968904,0.7463189283971047,0.8309324592551333,0.22626965118469633,0.9903069976688631,0.010451472973989184,0.9185504320149317
0.003039121627807617,recording,3,0.18575550091009174,0.501246633432036,0.8358575531672496,0.23184086177520125,0.4999475512547802,0.30227353470981544,0.6509701351598872,0.8671206806458398
0.003039121627807617,recording,3,0.5647975860468598,0.7643687739914246,0.5869122186507152,0.8651925080032727,0.2660880334834722,0.6091937179552863,0.6633172232124741,0.3760647503252704
0.003039121627807617,recording,3,0.8343031175855512,0.17096773915932628,0.29452527719348365,0.26033078917524777,0.2553580994664394,0.5956875164266915,0.8080961712039919,0.7418446672822538
